﻿<?xml version="1.0" encoding="utf-8"?>
<map>
  <profiles>
    <item name="234">234.xml</item>
    <item name="272">234.xml</item>
    <item name="23594">234.xml</item>
    <item name="202">202.xml</item>
    <item name="280">202.xml</item>
    <item name="204">204.xml</item>
    <item name="206">206.xml</item>
    <item name="270">206.xml</item>
    <item name="208">208.xml</item>
    <item name="647">208.xml</item>
    <item name="340">208.xml</item>
    <item name="214">214.xml</item>
    <item name="216">216.xml</item>
    <item name="218">218.xml</item>
    <item name="278">218.xml</item>
    <item name="297">218.xml</item>
    <item name="294">218.xml</item>
    <item name="276">218.xml</item>
    <item name="219">219.xml</item>
    <item name="220">220.xml</item>
    <item name="226">226.xml</item>
    <item name="259">226.xml</item>
    <item name="228">228.xml</item>
    <item name="230">230.xml</item>
    <item name="231">231.xml</item>
    <item name="232">232.xml</item>
    <item name="238">238.xml</item>
    <item name="240">240.xml</item>
    <item name="242">242.xml</item>
    <item name="244">244.xml</item>
    <item name="260">260.xml</item>
    <item name="262">262.xml</item>
    <item name="268">268.xml</item>
    <item name="284">284.xml</item>
    <item name="293">293.xml</item>
    <item name="22201">22201.xml</item>
    <item name="22210">22201.xml</item>
    <item name="22299">22201.xml</item>
    <item name="22288">22288.xml</item>
    <item name="246">246.xml</item>
    <item name="247">247.xml</item>
    <item name="248">248.xml</item>
    <item name="255">255.xml</item>
    <item name="28301">283.xml</item>
    <item name="28310">283.xml</item>
    <item name="28305">283.xml</item>
    <item name="40102">283.xml</item>
    <item name="40101">283.xml</item>
    <item name="25701">283.xml</item>
    <item name="25702">283.xml</item>
    <item name="283">283.xml</item>
    <item name="401">283.xml</item>
    <item name="257">283.xml</item>
    <item name="425">425.xml</item>
    <item name="415">621.xml</item>
    <item name="416">621.xml</item>
    <item name="417">621.xml</item>
    <item name="418">621.xml</item>
    <item name="419">621.xml</item>
    <item name="421">621.xml</item>
    <item name="422">621.xml</item>
    <item name="426">621.xml</item>
    <item name="427">621.xml</item>
    <item name="603">621.xml</item>
    <item name="604">621.xml</item>
    <item name="605">621.xml</item>
    <item name="606">621.xml</item>
    <item name="612">621.xml</item>
    <item name="617">621.xml</item>
    <item name="620">621.xml</item>
    <item name="621">621.xml</item>
    <item name="624">621.xml</item>
    <item name="628">621.xml</item>
    <item name="630">621.xml</item>
    <item name="631">621.xml</item>
    <item name="639">621.xml</item>
    <item name="640">621.xml</item>
    <item name="641">621.xml</item>
    <item name="655">621.xml</item>
    <item name="659">621.xml</item>
    <item name="420">621.xml</item>
    <item name="424">621.xml</item>
    <item name="432">621.xml</item>
    <item name="602">621.xml</item>
    
    <!-- German providers -->
    <item name="26201">26201.xml</item>
    <item name="26202">26202.xml</item>
    <item name="26203">26203.xml</item>
    <item name="26207">26207.xml</item>
    <item name="26208">26208.xml</item>
    <item name="26211">26211.xml</item>
  </profiles>
</map>