<?xml version='1.0' encoding='utf-8' standalone='yes' ?>
<carrier_config_list>
    <!-- O2 DE -->
    <carrier_config>
        <!--UT TA-->
        <boolean name="utForbiddenWhenVolteSwitchOff" value="false"/>
        <string name="ssTypeUseCsOnly">15,16</string>
        <boolean name="CFNRcChangeWithCFNL" value="false"/>
        <int name="setDefaultNoReplyTimer" value="-1"/>
        <int name="callWaitingMode" value="11"/>
        <int name="utBsfPort" value="80"/>
        <string name="utParamsCfg">0:1,8:1</string>
        <!--VOWIFI TA-->
        <string name="vowifiHplmnListItem">26208, epdg.epc.mnc008.mcc262.pub.3gppnetwork.org</string>
        <string name="Ikev2EncAlg">RCT_ALG_AES256_CBC</string>
        <string name="Ikev2PrfAlg">RCT_ALG_HMAC_SHA1</string>
        <string name="Ikev2HashAlg">RCT_ALG_HMAC_SHA2_256</string>
        <string name="Ikev2DhGroup">RCT_ALG_MODP2048</string>
        <string name="EspEncAlg">RCT_ALG_AES256_CBC</string>
        <string name="EspAuthAlg">RCT_ALG_HMAC_SHA2_256</string>
        <int name="Ikev2SaLifeTime" value="86400"/>
        <int name="Ikev2MaxRetryToSend" value="5"/>
        <int name="IPsecSaLifeTime" value="86400"/>
        <int name="Ikev2IkeSaRekeyTimerSec" value="86400"/>
        <int name="Ikev2IPsecSaRekeyTimeSec" value="86400"/>
        <int name="Ikev2DpdInterval" value="900"/>
        <int name="vowifiRoamingConfig" value="0"/>
        <boolean name="vowifiStaticUnroaming" value="true"/>
        <boolean name="vowifiStaticRoaming" value="true"/>
        <!-- Volte UI -->
        <string name="carrier_volte_hd_icon_flag">00000000</string>
    </carrier_config>
</carrier_config_list>
