<?xml version="1.0" encoding="UTF-8"?>

<configurations>
<app name="Android_App_Framework">
  <item type="string-array" name="AFW_feature_customer_blacklist_device">
  </item>
  <item type="string-array" name="AFW_feature_customer_blacklist_profile">
  </item>
  <item type="string-array" name="AFW_feature_customer_whitelist_device">
  </item>
  <item type="string-array" name="AFW_feature_customer_whitelist_profile">
  </item>
  <item type="string-array" name="AFW_feature_generic_blacklist_device">
  </item>
  <item type="string-array" name="AFW_feature_generic_blacklist_profile">
  </item>
  <item type="string-array" name="AFW_feature_generic_whitelist_device">
  </item>
  <item type="string-array" name="AFW_feature_generic_whitelist_profile">
  </item>
  <item type="string-array" name="AMS_feature_FirstBackgroundProcess_white_list">
    <string>android.process.acore</string>
  </item>
  <item type="string-array" name="AMS_feature_QuickBoot_white_list">
    <string>system</string>
    <string>com.android.phone</string>
    <string>com.htc.launcher</string>
    <string>com.android.nfc</string>
    <string>com.android.systemui</string>
    <string>android.process.acore</string>
    <string>com.android.htcdialer</string>
    <string>com.htc.usertrialfeedback</string>
    <string>com.android.smith</string>
    <string>com.google.android.apps.uploader</string>
    <string>com.google.process.gapps</string>
    <string>com.htc.htcdialer</string>
  </item>
  <item type="integer" name="AMS_feature_recentApp_MaxRecentTasks">20</item>
  <item type="integer" name="AMS_feature_recentApp_MaxVisibleTasks">9</item>
  <item type="boolean" name="AMS_feature_supportsMultiWindow">true</item>
  <item type="boolean" name="AMS_feature_thermal_control">false</item>
  <item type="string-array" name="AppOps_feature_hint_app_whitelist">
    <string>com.android.cts.stub</string>
    <string>com.htc.AndroidTestII</string>
    <string>com.android.CSDFunctionR</string>
    <string>com.htc.CSDFunctionR</string>
    <string>com.ate.engine</string>
  </item>
  <item type="boolean" name="AppUsageStats_feature_AutoEnableWifi_when_launch">false</item>
  <item type="boolean" name="disable_home_recent_key">false</item>
  <item type="boolean" name="disable_screenshot">false</item>
  <item type="boolean" name="enable_gesture_service">true</item>
  <item type="boolean" name="enable_NSRM">false</item>
  <item type="boolean" name="enable_panic_button">false</item>
  <item type="integer" name="grip_rejection_width">2</item>
  <item type="boolean" name="kddi_cover_intent">false</item>
  <item type="boolean" name="NMS_feature_flashlight_during_charging">false</item>
  <item type="boolean" name="NMS_feature_tri_color_led">false</item>
  <item type="boolean" name="quicklaunch_flashlight">false</item>
  <item type="boolean" name="support_amazon_assistant">false</item>
  <item type="boolean" name="support_htclogcontroller">false</item>
  <item type="boolean" name="Support_Myanmar_Zawgyi">false</item>
  <item type="string" name="touch_slop">7.0</item>
  <item type="boolean" name="vzw_hwreset">false</item>
  <item type="boolean" name="WMS_feature_notify_HDMI_plug">false</item>
</app>
<app name="Android_Core_Framework">
  <item type="integer" name="device_root_monitor_report_period">0</item>
  <item type="integer" name="devicepolicy_max_fail_passwords_for_wipe">0</item>
  <item type="boolean" name="devicepolicy_wipe_external_storage">false</item>
  <item type="boolean" name="globalaction_enable_cancel_button">false</item>
  <item type="boolean" name="has_nfc_feature">true</item>
  <item type="boolean" name="htcangledetector_is_angle_detector_enable">false</item>
  <item type="boolean" name="htcangledetector_is_detector_always_enable">false</item>
  <item type="boolean" name="htcangledetector_is_enable_detector_gyro">false</item>
  <item type="boolean" name="keyguard_locknow_when_sim_absent">false</item>
  <item type="boolean" name="keyguard_no_puk_screen">false</item>
  <item type="boolean" name="keyguard_stuck_network_lock">false</item>
  <item type="boolean" name="location_nlp_DynamicChange">false</item>
  <item type="integer" name="nfc_card_mode_rounting_by_screen_state">1</item>
  <item type="integer" name="nfc_default_enable_card_mode">2</item>
  <item type="integer" name="nfc_default_protocol_route">0</item>
  <item type="integer" name="nfc_default_value">0</item>
  <item type="boolean" name="nfc_disable_hce_when_no_hostpaymentap">false</item>
  <item type="boolean" name="nfc_disable_p2p_rw_during_phonecall">false</item>
  <item type="string-array" name="nfc_enable_prompt_whitelist">
  </item>
  <item type="integer" name="nfc_evt_transaction_behavior">2</item>
  <item type="boolean" name="nfc_ndef_push_setting">true</item>
  <item type="integer" name="nfc_show_icon">1</item>
  <item type="integer" name="nfc_sku_id">42</item>
  <item type="integer" name="nfc_support_nfc_lock">0</item>
  <item type="integer" name="nfc_user_prompt">0</item>
  <item type="string-array" name="owner_only_packages">
  </item>
  <item type="integer" name="pkg_enable_hwacc">2</item>
  <item type="string-array" name="pkg_sys_prop_whitelist">
    <string>com.android.cts.stub</string>
    <string>android.tests.devicesetup</string>
    <string>com.android.cts.os</string>
    <string>com.htc.commoncontrol.demo</string>
    <string>com.android.gpstool</string>
    <string>com.htc.AndroidTestII</string>
    <string>com.android.smith</string>
    <string>com.htc.android.qxdm2sd</string>
    <string>com.htc.android.htcloglevel</string>
    <string>com.htc.android.ramdump</string>
    <string>com.htc.android.netlogger</string>
    <string>com.htc.android.storageeater</string>
    <string>com.htc.android.uniat</string>
    <string>com.htc.android.atrouterqmi</string>
    <string>com.htc.android.rxdtestqmi</string>
    <string>com.htc.android.malogger</string>
    <string>com.htc.android.viamodemlogger</string>
    <string>com.vodafone.vodafone360updates</string>
    <string>com.vodafone.mwallet</string>
    <string>com.tencent.mm</string>
  </item>
  <item type="integer" name="powermanager_auto_brightness_brighter_debounce">2000</item>
  <item type="integer" name="powermanager_auto_brightness_darker_debounce">8000</item>
  <item type="boolean" name="powermanager_keep_google_power_saver_behavior">false</item>
  <item type="string-array" name="removable_preload_packages">
  </item>
  <item type="integer" name="se_system_properties_for_project">0</item>
  <item type="integer" name="shutdown_vibrate_ms">0</item>
  <item type="boolean" name="support_abt_feature">false</item>
  <item type="integer-array" name="support_battery_overheat_degree">
    <int>500</int>
    <int>450</int>
    <int>660</int>
  </item>
  <item type="boolean" name="support_battery_overheat_notify">false</item>
  <item type="boolean" name="support_brightness_miracast_feature_mode">false</item>
  <item type="boolean" name="support_cpu_overheat_notify">false</item>
  <item type="boolean" name="support_gps_confirm_dlg">false</item>
  <item type="boolean" name="support_kddi_pdg">false</item>
  <item type="boolean" name="supported_oma_drm">false</item>
  <item type="boolean" name="supportServo">false</item>
  <item type="boolean" name="sync_autosync_default">true</item>
  <item type="boolean" name="uimode_keep_screenon_when_charging">true</item>
  <item type="integer" name="wirelss_disp_notification_mode">0</item>
</app>
<app name="Android_Framework">
  <item type="boolean" name="enable_quickboot">false</item>
  <item type="boolean" name="supported_surround_sound">false</item>
</app>
<app name="Android_Kernel">
  <item type="boolean" name="support_dynamic_switch">false</item>
  <item type="boolean" name="support_extension_api">false</item>
  <item type="boolean" name="support_mount_iso_on_boot">false</item>
</app>
<app name="Android_MLHD">
  <item type="string" name="CustomizeMLHDName">none</item>
  <item type="boolean" name="notSupportConcurrent">false</item>
  <item type="boolean" name="onlySupportDLNA">false</item>
  <item type="boolean" name="supportMLHD">false</item>
</app>
<app name="Android_Multimedia">
  <item type="integer" name="effect_manager_id">-1</item>
  <item type="integer" name="effect_notification_type">0</item>
  <item type="boolean" name="GRAPHIC_feature_low_end_Gfx">false</item>
  <item type="integer" name="has_default_alarm_volume">6</item>
  <item type="integer" name="has_default_media_headset_volume">7</item>
  <item type="integer" name="has_default_media_speaker_volume">10</item>
  <item type="integer" name="has_default_ringtone_volume">5</item>
  <item type="boolean" name="spport_screen_light">false</item>
  <item type="boolean" name="support_a2dp_safevolume">false</item>
  <item type="boolean" name="support_camera_enforce_shuttersound">false</item>
  <item type="boolean" name="support_customer_proxy">false</item>
  <item type="boolean" name="support_customization_fallback">false</item>
  <item type="boolean" name="support_harman">false</item>
  <item type="boolean" name="support_miit_request">false</item>
  <item type="boolean" name="support_music_ringtone">false</item>
  <item type="boolean" name="support_outdoor_mode">false</item>
  <item type="boolean" name="support_qcelp">false</item>
  <item type="boolean" name="support_theater_effect_logo">false</item>
  <item type="integer" name="use_ringtone_for_notification">1</item>
</app>
<app name="Android_Networking">
  <item type="boolean" name="broadcastRatTypeChanged">false</item>
  <item type="integer" name="CustomizeMobileCharge">0</item>
  <item type="boolean" name="default_dns_server">true</item>
  <item type="boolean" name="entitlement_check">false</item>
  <item type="boolean" name="forceSignatureMatch">false</item>
  <item type="boolean" name="isNeedToWriteEmmc">false</item>
  <item type="string" name="multiCastFilter">239.255.255.255/32</item>
  <item type="boolean" name="notifyWifiDisconnect">false</item>
  <item type="boolean" name="notSetDefaultDNS">false</item>
  <item type="boolean" name="power_saver_restrict_background">false</item>
  <item type="boolean" name="roaming_reduction_support">false</item>
  <item type="boolean" name="specialSignatureMatchReq">false</item>
  <item type="boolean" name="tethering_guard_support">false</item>
  <item type="string" name="usageCustomerWhiteList">com.htc.android.mail;com.orangelabs.rcs</item>
  <item type="boolean" name="use_default_apn">false</item>
</app>
<app name="Android_Ril">
  <item type="boolean" name="append_dun_to_default">false</item>
  <item type="string" name="clearcode_cause_list"></item>
  <item type="boolean" name="cross_sim_support">false</item>
  <item type="string" name="customer_mcc_mnc_list"></item>
  <item type="integer" name="customize_cdma_lte_profile">0</item>
  <item type="string" name="customize_error_cause_list"></item>
  <item type="string" name="data_retry_config"></item>
  <item type="string-array" name="data_retry_config_array">
  </item>
  <item type="string-array" name="domestic_roaming_mccmnc">
  </item>
  <item type="boolean" name="extension_api_support">false</item>
  <item type="boolean" name="global_roaming_config">false</item>
  <item type="string-array" name="ignore_dns_check_apn_list">
  </item>
  <item type="string" name="ignore_dns_check_mcc_list">460</item>
  <item type="boolean" name="init_data_roaming_state">false</item>
  <item type="boolean" name="init_lteband_network_type_by_property">false</item>
  <item type="boolean" name="isSingleSimDualSignalTdscdma">false</item>
  <item type="string" name="lte_profile_label">none</item>
  <item type="integer" name="max_data_allowed">2</item>
  <item type="boolean" name="nam_feature_support">false</item>
  <item type="string" name="non_metered_apn_types">ims,4</item>
  <item type="integer" name="pdplimit_policy">2</item>
  <item type="string" name="prefer_specific_network_types">mms</item>
  <item type="boolean" name="roaming_enhance_config">false</item>
  <item type="boolean" name="set_preferred_apn_by_default">false</item>
  <item type="boolean" name="support_ril_socket_reset">false</item>
  <item type="integer" name="support_ril_type">2</item>
  <item type="boolean" name="swap_apn_setting_when_roaming">false</item>
  <item type="boolean" name="tcp_data_stall_detection">true</item>
  <item type="boolean" name="turnoff_lte_when_mobile_off">false</item>
  <item type="string" name="umts_update_profile_action_policy">4,7;4,7</item>
  <item type="string" name="umts_update_profile_slot_policy">10,11</item>
  <item type="boolean" name="use_default_profile_for_tethering">true</item>
</app>
<app name="Android_Telephony">
  <item type="string-array" name="acc_broadcast_emergency_call_state_change">
    <string>20404</string>
    <string>310004</string>
    <string>311480</string>
  </item>
  <item type="boolean" name="acc_enable_radio_capability">false</item>
  <item type="string-array" name="acc_radio_capability_exclude_list">
  </item>
  <item type="string" name="acc_volte_replacement_rat_int">6,310120,316010,311480;</item>
  <item type="boolean" name="access_UICC_in_flight_mode">false</item>
  <item type="boolean" name="always_reject_call_603_decline">false</item>
  <item type="boolean" name="apply_new_1x_evdo_signal_mapping">false</item>
  <item type="boolean" name="apply_old_signal_mapping">false</item>
  <item type="integer" name="build_account_main_flag">7</item>
  <item type="boolean" name="build_main_phone_type_CDMA">false</item>
  <item type="boolean" name="build_main_phone_type_GSM">true</item>
  <item type="boolean" name="build_main_phone_type_SubGSM">true</item>
  <item type="integer" name="build_phone_feature_stand_by">2</item>
  <item type="boolean" name="carrier_default_wfc_ims_enabled_bool">false</item>
  <item type="integer" name="carrier_default_wfc_ims_mode_int">2</item>
  <item type="boolean" name="carrier_htc_ims_setting_type_bool">false</item>
  <item type="boolean" name="carrier_htc_rcs_supported_bool">false</item>
  <item type="boolean" name="carrier_htc_show_volte_ui_bool">true</item>
  <item type="boolean" name="carrier_htc_volte_reg_icon_bool">false</item>
  <item type="boolean" name="carrier_htc_volte_ui_checked_bool">true</item>
  <item type="boolean" name="carrier_volte_available_bool">false</item>
  <item type="boolean" name="carrier_vt_available_bool">false</item>
  <item type="boolean" name="carrier_wfc_ims_available_bool">true</item>
  <item type="boolean" name="cat_ap_support_bip">false</item>
  <item type="boolean" name="cat_sub_address">true</item>
  <item type="boolean" name="cdma_acg_for_lra">false</item>
  <item type="string-array" name="cdma_adc_list">
  </item>
  <item type="string-array" name="cdma_adc_list_chameleon">
  </item>
  <item type="boolean" name="cdma_append_operator_numeric">false</item>
  <item type="boolean" name="cdma_camp_on_disable_auto_time">false</item>
  <item type="string-array" name="cdma_customer_sim_mcc_mnc_list">
  </item>
  <item type="boolean" name="cdma_disable_nv_cdma_if_no_uicc_lte">false</item>
  <item type="integer" name="cdma_eri_call_guard">-1</item>
  <item type="boolean" name="cdma_get_opname_from_eri_for_nv_sub_source">false</item>
  <item type="boolean" name="cdma_get_vm_number_by_nv_carrier_id">false</item>
  <item type="boolean" name="cdma_null_mdn_min_if_ruim_not_provision">false</item>
  <item type="boolean" name="cdma_report_imsi_from_usim">false</item>
  <item type="boolean" name="cdma_set_default_icc_op_numeric">true</item>
  <item type="boolean" name="cdma_set_default_vm_number_as_mdn">false</item>
  <item type="boolean" name="cdma_set_ota_provision_req_property_on_nv_ready">false</item>
  <item type="boolean" name="cdma_store_vm_number_on_usim">false</item>
  <item type="boolean" name="cdma_support_sf_euimid">false</item>
  <item type="boolean" name="cdma_telephony_chameleon">false</item>
  <item type="string" name="cdma_vm_number"></item>
  <item type="boolean" name="config_trust_zone_supported">false</item>
  <item type="boolean" name="csg_feature_enable">false</item>
  <item type="string" name="customer_ca_bandwidth"></item>
  <item type="string" name="customer_sim_mccmnc_data">10,310120,316010;</item>
  <item type="integer" name="customer_ss_over_ut">0</item>
  <item type="string" name="customize_mnc_3digits_length">214035</item>
  <item type="boolean" name="customizeCellLocationInfo">false</item>
  <item type="string" name="defaultValueMSISDN">NULL</item>
  <item type="boolean" name="DefaultVoiceMailAlphaTag_SoftBank">false</item>
  <item type="integer" name="DefaultVoiceMailAlphaTag_StringRule">0</item>
  <item type="boolean" name="delay_to_reset_network">false</item>
  <item type="boolean" name="DetectVMbyCarrierIdFromNV">false</item>
  <item type="boolean" name="disableRoamingCheckWithSpn">false</item>
  <item type="boolean" name="enableBothVTandVolteSetting">false</item>
  <item type="boolean" name="enableSeparateSingnalBar">false</item>
  <item type="integer" name="end_call_button_icon_color">0</item>
  <item type="boolean" name="enhanced_lte_settings_new_ui">false</item>
  <item type="boolean" name="for_cmcc_lab_test">false</item>
  <item type="boolean" name="force_query_cfu_under_lte">true</item>
  <item type="boolean" name="forceUpdateImsServiceConfig">false</item>
  <item type="boolean" name="is_cdma_sim_locked">false</item>
  <item type="integer" name="is_follow_sprint_roaming_key_rule">0</item>
  <item type="boolean" name="is_qct_with_single_active">false</item>
  <item type="boolean" name="is_slot2_sprd_modem">false</item>
  <item type="boolean" name="isNotAllowTurnOffIMS">false</item>
  <item type="boolean" name="isSprintUiccProject">false</item>
  <item type="boolean" name="isSupportTDandWCDMAModeChange">false</item>
  <item type="boolean" name="ModemSupportSSoverUT">true</item>
  <item type="boolean" name="popup_dualsetting_manager_for_china_cdma_vender">false</item>
  <item type="boolean" name="popup_dualsetting_manager_for_china_gsm_vender">false</item>
  <item type="boolean" name="query_ota_provision_status_after_sim_ready">false</item>
  <item type="boolean" name="set_mode_before_answer">false</item>
  <item type="boolean" name="show_1_imei">false</item>
  <item type="boolean" name="showVolteStatusBarIcon">false</item>
  <item type="integer" name="signal_icon_level_cdma">5</item>
  <item type="integer" name="signal_icon_level_gsm">5</item>
  <item type="string" name="signal_strength_mapping_rule"></item>
  <item type="boolean" name="sim_card_proxy">false</item>
  <item type="boolean" name="sim_phonebook">true</item>
  <item type="boolean" name="sim_phonebook_by_icc_io">false</item>
  <item type="boolean" name="SpecialCaseForCSFB_CW">false</item>
  <item type="string" name="specific_dial_string_mapping_rule"></item>
  <item type="boolean" name="support_audio_path_for_td_modem">false</item>
  <item type="boolean" name="support_loop_back_mode_testing">false</item>
  <item type="boolean" name="support_lte_on_gsm_for_wphone">false</item>
  <item type="boolean" name="support_nv_switch_reboot">false</item>
  <item type="boolean" name="support_qct_vowifi">false</item>
  <item type="boolean" name="support_spcs_movial_wfc">false</item>
  <item type="boolean" name="support_td_mode_for_roaming">false</item>
  <item type="boolean" name="support_td_w_modem_mode_change">false</item>
  <item type="boolean" name="support_two_hold_one_active_call">false</item>
  <item type="boolean" name="support_video_conference_call_for_audio_and_video">false</item>
  <item type="boolean" name="support_voice_speech_codec">true</item>
  <item type="boolean" name="support_volte_provisioning">false</item>
  <item type="boolean" name="support11DigitsNumMatch">false</item>
  <item type="boolean" name="support255AsUnknowCount">false</item>
  <item type="boolean" name="support3WayCallDelay">true</item>
  <item type="boolean" name="supportAlwaysDisplayPlmn">false</item>
  <item type="boolean" name="supportAlwaysUserClear">true</item>
  <item type="boolean" name="SupportApnSimTypeCheck">false</item>
  <item type="boolean" name="supportAutoSelectionAfterReboot">false</item>
  <item type="boolean" name="supportAutoTimeIfCampOnCdma">false</item>
  <item type="boolean" name="supportAvailableNetworkListWithRat">false</item>
  <item type="boolean" name="supportBackToAutoSelection">false</item>
  <item type="boolean" name="supportCallForwardDisabled">false</item>
  <item type="boolean" name="supportCampHighNwAfterReboot">false</item>
  <item type="boolean" name="supportCheckEVCCodecAudioQuality">false</item>
  <item type="boolean" name="supportCSFBRetryForSS">false</item>
  <item type="boolean" name="supportCT4GRequirement">false</item>
  <item type="boolean" name="supportCtMvnoCase">false</item>
  <item type="boolean" name="supportCustomerServiceShortCode">false</item>
  <item type="boolean" name="supportDataUsageMonitor">false</item>
  <item type="boolean" name="supportDefaultDisableDnsServer">false</item>
  <item type="boolean" name="supportDisplayPlmnFirst">false</item>
  <item type="boolean" name="supportEccCallCategory">false</item>
  <item type="boolean" name="supportEccModeByAOSP">false</item>
  <item type="boolean" name="supportEons">false</item>
  <item type="boolean" name="supportExactTalkTimeOnCdma">false</item>
  <item type="integer" name="supportExtraPhoneStateNotify">0</item>
  <item type="boolean" name="supportFdnDisplayOnPeople">false</item>
  <item type="boolean" name="supportGetIccRecordFromUsimFirst">false</item>
  <item type="boolean" name="supportGetIccRecordWithSubscriptionInfo">false</item>
  <item type="boolean" name="supportGetMDN">false</item>
  <item type="boolean" name="supportGetVmIndicatorFromCphs">false</item>
  <item type="boolean" name="supportGetVmTagFromSimFirst">false</item>
  <item type="boolean" name="supportGidWithChar">false</item>
  <item type="boolean" name="supportIgnoreCfuQuery">false</item>
  <item type="boolean" name="supportImsParticipantInfoEnhancement">false</item>
  <item type="boolean" name="SupportImsPassSsErrorMessage">false</item>
  <item type="boolean" name="supportKddiAudioRequestForCall">false</item>
  <item type="boolean" name="supportKddiAuNaming">false</item>
  <item type="boolean" name="supportKddiLteEnhancement">false</item>
  <item type="boolean" name="supportKddiSpecificDialString">false</item>
  <item type="boolean" name="supportKeepOpNameAndCountryIso">false</item>
  <item type="boolean" name="supportLine1NumAsVmNumber">false</item>
  <item type="boolean" name="supportLraRoamingBanner">false</item>
  <item type="integer" name="supportLteRoamingRule">0</item>
  <item type="boolean" name="supportMoVolteConferenceCall">false</item>
  <item type="boolean" name="supportMtCallNumberReplaceRule">false</item>
  <item type="boolean" name="supportNorthAmericaHiddenNumber">false</item>
  <item type="boolean" name="supportOnlyCdmaVoiceSpeechCodec">false</item>
  <item type="boolean" name="supportOperatorPreferredPLMN">false</item>
  <item type="boolean" name="supportParticipantStatusNotify">false</item>
  <item type="boolean" name="supportRadioOnUnderDecrypting">false</item>
  <item type="integer" name="supportRebootAfterSimRefreshFailure">0</item>
  <item type="boolean" name="supportRebootAfterSimSwap">false</item>
  <item type="boolean" name="supportRefreshRuimForProgramSucc">false</item>
  <item type="boolean" name="supportRemoteSIMunlock">false</item>
  <item type="boolean" name="supportResumeBgCallForRemoveEnd">false</item>
  <item type="boolean" name="supportRoamingReduction">false</item>
  <item type="boolean" name="supportSeparateOperatorInfo">false</item>
  <item type="boolean" name="supportSetOperatorInfoByCarrierId">false</item>
  <item type="boolean" name="supportShowDcIcon">false</item>
  <item type="integer" name="supportShutDownOrRebootAfterSimSwap">0</item>
  <item type="boolean" name="supportSimHotSwapDialogEnhancement">false</item>
  <item type="boolean" name="supportSIMLanguageEnhance">false</item>
  <item type="integer" name="supportSIMLockedNotification">0</item>
  <item type="boolean" name="supportSprintCdmaDeviceSvn">false</item>
  <item type="boolean" name="supportSprintOpNameRule">false</item>
  <item type="boolean" name="supportSprintUiccCustomization">false</item>
  <item type="boolean" name="SupportSSAlwaysOverCS">false</item>
  <item type="boolean" name="supportSsOverUtAlways">false</item>
  <item type="boolean" name="supportSSOverUTwithSIM">false</item>
  <item type="boolean" name="supportSubscriberIdByAOSP">false</item>
  <item type="boolean" name="supportSwitchPhoneByAOSP">true</item>
  <item type="boolean" name="supportTataOpNameRule">false</item>
  <item type="boolean" name="supportTmousHiddenNumRule">false</item>
  <item type="boolean" name="supportTracfoneMvnoCase">false</item>
  <item type="boolean" name="supportVolteCepDisplayText">false</item>
  <item type="boolean" name="supportVolteCepEnhancement">false</item>
  <item type="boolean" name="supportVzwDefaultVmNumber">false</item>
  <item type="boolean" name="supportVzwDeviceIdRule">false</item>
  <item type="boolean" name="supportVZWIMSRegisterIntent">false</item>
  <item type="boolean" name="supportVzwLine1NumberRule">false</item>
  <item type="boolean" name="supportVzwRoamingRule">false</item>
  <item type="boolean" name="supportVzwTtyString">false</item>
  <item type="boolean" name="supportVzwUiccType">false</item>
  <item type="boolean" name="supportWaitSimLoadedForSpn">false</item>
  <item type="boolean" name="sync_other_radio">false</item>
  <item type="boolean" name="uicc_icon">false</item>
  <item type="boolean" name="use_old_signal_mapping_rule">false</item>
  <item type="boolean" name="vzw_voicemail_retrieval">false</item>
  <item type="string" name="wfcNameFormat"></item>
  <item type="string-array" name="wfcNameFormats">
  </item>
</app>
<app name="Android_TelephonyMessage">
  <item type="boolean" name="framework_mms_is_support_mms">true</item>
  <item type="string" name="telephony_sms_default_sms_ap"></item>
  <item type="string" name="telephony_sms_email_gateway_number">NA</item>
  <item type="boolean" name="telephony_sms_is_check_ruim_record_length">false</item>
  <item type="boolean" name="telephony_sms_is_open_channel_sku">true</item>
  <item type="boolean" name="telephony_sms_is_support_a2_aus_features">false</item>
  <item type="boolean" name="telephony_sms_is_support_a2_features">false</item>
  <item type="boolean" name="telephony_sms_is_support_a2_tw_features">false</item>
  <item type="boolean" name="telephony_sms_is_support_a3_features">false</item>
  <item type="boolean" name="telephony_sms_is_support_a8_features">false</item>
  <item type="boolean" name="telephony_sms_is_support_b4_features">false</item>
  <item type="boolean" name="telephony_sms_is_support_b5_features">false</item>
  <item type="boolean" name="telephony_sms_is_support_c10_features">false</item>
  <item type="boolean" name="telephony_sms_is_support_c8_features">false</item>
  <item type="boolean" name="telephony_sms_is_support_c9_features">false</item>
  <item type="boolean" name="telephony_sms_is_support_c9_mo_format">false</item>
  <item type="boolean" name="telephony_sms_is_support_cellbroadcastreceiver_app">false</item>
  <item type="boolean" name="telephony_sms_is_support_cmas_exercise_alert">false</item>
  <item type="boolean" name="telephony_sms_is_support_ct_ems_format">false</item>
  <item type="boolean" name="telephony_sms_is_support_ct_wap_push_sms_format">false</item>
  <item type="boolean" name="telephony_sms_is_support_e50_features">false</item>
  <item type="boolean" name="telephony_sms_is_support_emergency_sms">false</item>
  <item type="boolean" name="telephony_sms_is_support_ems_sms">true</item>
  <item type="boolean" name="telephony_sms_is_support_force_remove_plus_code">false</item>
  <item type="boolean" name="telephony_sms_is_support_gep_app">false</item>
  <item type="boolean" name="telephony_sms_is_support_gep_mo_sms_retry">false</item>
  <item type="boolean" name="telephony_sms_is_support_gsm_sms_duplicate_detect">false</item>
  <item type="boolean" name="telephony_sms_is_support_ims_sms">true</item>
  <item type="boolean" name="telephony_sms_is_support_k2_features">false</item>
  <item type="boolean" name="telephony_sms_is_support_new_cmas_channel_range">false</item>
  <item type="boolean" name="telephony_sms_is_support_relative_validity_period">false</item>
  <item type="boolean" name="telephony_sms_is_support_reset_voice_mail_count">false</item>
  <item type="boolean" name="telephony_sms_is_support_s5_duplicate_cmas_detection">false</item>
  <item type="boolean" name="telephony_sms_is_support_s5_features">false</item>
  <item type="boolean" name="telephony_sms_is_support_s5_mt_sms_in_ecm_mode">false</item>
  <item type="boolean" name="telephony_sms_is_support_s5_reassemble_sms">false</item>
  <item type="boolean" name="telephony_sms_is_support_s5_segment_indicator">false</item>
  <item type="boolean" name="telephony_sms_is_support_t15_features">false</item>
  <item type="boolean" name="telephony_sms_is_support_t4_features">false</item>
  <item type="boolean" name="telephony_sms_is_support_t9_de_features">false</item>
  <item type="boolean" name="telephony_sms_is_support_v1_features">false</item>
  <item type="boolean" name="telephony_sms_is_support_v8_features">false</item>
  <item type="boolean" name="telephony_sms_is_support_wappushmanager">false</item>
  <item type="string-array" name="telephony_sms_mccmnc_not_support_ims_sms">
    <string>45406</string>
    <string>50501</string>
    <string>46692</string>
    <string>46601</string>
    <string>50502</string>
  </item>
  <item type="string-array" name="telephony_sms_operator_define_sms_short_code">
  </item>
  <item type="boolean" name="telephony_sms_tencent_security_manager">false</item>
</app>
<app name="Android_Video_Codec">
  <item type="boolean" name="support_chromecast_mirror">true</item>
  <item type="boolean" name="support_miracast">true</item>
</app>
<app name="Android_Wifi">
  <item type="boolean" name="allow_eap_sim_aka_for_airmode">false</item>
  <item type="boolean" name="has_cw">false</item>
  <item type="boolean" name="is_tmous_sku">false</item>
  <item type="boolean" name="mimo_support">true</item>
  <item type="boolean" name="pme_signal_level_mapping">false</item>
  <item type="integer" name="sku_id_for_wifi">42</item>
  <item type="integer" name="sub_sku_id_for_wifi">0</item>
  <item type="boolean" name="support_associate_manual">false</item>
  <item type="boolean" name="support_dockwifi">false</item>
  <item type="boolean" name="support_dualband">true</item>
  <item type="boolean" name="support_miracast">true</item>
  <item type="boolean" name="support_network_selection">true</item>
  <item type="boolean" name="support_p2p_concurrent">true</item>
  <item type="integer" name="wlan_authentication_error_retry">5</item>
  <item type="boolean" name="wlan_blist_filter">false</item>
  <item type="boolean" name="wlan_check_old_dongle">false</item>
  <item type="boolean" name="wlan_disablenetwork_forcibly">false</item>
  <item type="string" name="wlan_dns_address_for_wandetection">www.google.com</item>
  <item type="boolean" name="wlan_hotspot_has_imei">false</item>
  <item type="boolean" name="wlan_hotspot_has_mdn">false</item>
  <item type="integer" name="wlan_hotspot_password_count">13</item>
  <item type="boolean" name="wlan_hotspot_password_encryption">false</item>
  <item type="integer" name="wlan_hotspot_remind">1</item>
  <item type="string" name="wlan_hotspot_security_type">wpa2-psk</item>
  <item type="string" name="wlan_hotspot_start_ip">192.168.1.10</item>
  <item type="integer" name="wlan_notification_eapaka">1</item>
  <item type="integer" name="wlan_preconfig">1</item>
  <item type="boolean" name="wlan_securenetwork_notification">false</item>
  <item type="boolean" name="wlan_security_openlast">false</item>
  <item type="integer" name="wlan_setnotification">1</item>
  <item type="integer" name="wlan_solution">2</item>
  <item type="boolean" name="wlan_support_5g_hotspot">true</item>
  <item type="boolean" name="wlan_support_apsta">true</item>
  <item type="integer" name="wlan_wan_detection_type">1</item>
  <item type="boolean" name="wlan_wifi_aggregation">false</item>
  <item type="integer" name="wlan_wifi_status">1</item>
  <item type="boolean" name="wlan_wifioffload_enable">false</item>
</app>
<app name="Automotive_Home">
  <item type="integer" name="GPS_Icon_Style">0</item>
  <item type="boolean" name="Hide_Car_AutoLaunch_Option">false</item>
  <item type="boolean" name="Skip_HoldWakelock">false</item>
</app>
<app name="Bluetooth">
  <item type="string-array" name="HtcAccessoryList">
    <string>HTC Mini</string>
    <string>HTC Pal</string>
    <string>HTC Pico</string>
  </item>
  <item type="boolean" name="needAuthentication">false</item>
  <item type="integer" name="pref_lock">0</item>
</app>
<app name="Calendar">
  <item type="integer" name="calendar_event_max_description_length">100000</item>
  <item type="string" name="calendar_notify_sound">default_notify</item>
  <item type="boolean" name="increase_notification_sound">false</item>
  <item type="boolean" name="phone_add_underline">false</item>
</app>
<app name="Camera">
  <item type="integer" name="burst_shot_count">99</item>
  <item type="boolean" name="can_enable_zoe">false</item>
  <item type="boolean" name="DialogForDisableFlashLightWhenWifiHotspotOn">false</item>
  <item type="boolean" name="enable_v2_video">true</item>
  <item type="integer" name="feature_version">9000</item>
  <item type="boolean" name="force_3d_preview_rendering">false</item>
  <item type="string" name="frontcamera_position">Left</item>
  <item type="boolean" name="grant_crop_me_in_enabled">true</item>
  <item type="boolean" name="grant_photobooth_enabled">true</item>
  <item type="boolean" name="grant_split_capture_enabled">true</item>
  <item type="boolean" name="has_manual_capture">true</item>
  <item type="boolean" name="has_panorama_plus">true</item>
  <item type="boolean" name="has_systembar">false</item>
  <item type="boolean" name="is_low_end_device">false</item>
  <item type="boolean" name="is_simcard_state_monitor_needed">false</item>
  <item type="boolean" name="is_vga_front_cam">false</item>
  <item type="boolean" name="IsDisableFadeOutAnimationWhenModeChanged">false</item>
  <item type="boolean" name="IsSprintForbiddenCameraMsg">false</item>
  <item type="boolean" name="IsSupportMMSQVGAVideo">false</item>
  <item type="boolean" name="IsUseSense5PlusCaptureSound">false</item>
  <item type="boolean" name="IsVerizonFocusLockToast">false</item>
  <item type="string" name="photo_booth_skin_level">0.3</item>
  <item type="integer" name="screen_save_delay">2</item>
  <item type="string" name="selfie_mode_skin_level">0.5</item>
  <item type="integer" name="selfie_panorama_wide_fisheye_value">15</item>
  <item type="integer" name="selfie_panorama_wide_overlap_value">10</item>
  <item type="integer" name="selfie_panorama_widest_fisheye_value">17</item>
  <item type="integer" name="selfie_panorama_widest_overlap_value">8</item>
  <item type="boolean" name="support_front_cam_led_countdown">false</item>
  <item type="boolean" name="support_panorama">true</item>
  <item type="boolean" name="support_same_features_for_all_cameras">false</item>
  <item type="boolean" name="supportZoeInVideoCapture">true</item>
</app>
<app name="ContactsProvider">
  <item type="boolean" name="customizeGroupListOrder">false</item>
  <item type="boolean" name="enableJapanPhentic">false</item>
  <item type="boolean" name="isCustomizedPreloadProject">false</item>
  <item type="boolean" name="isICCCardControlByNVItem">false</item>
  <item type="boolean" name="isSupportSprintPreloadContact">false</item>
  <item type="boolean" name="isTaiwanTraditionalChinese">false</item>
  <item type="boolean" name="needGetJpLocaleString">false</item>
  <item type="boolean" name="supportAutoMapHiragana">false</item>
</app>
<app name="Device_Wipe">
  <item type="boolean" name="Enabled_ADW">false</item>
</app>
<app name="DeviceManagement">
  <item type="string" name="base_uri">https://dm.htcsense.com</item>
  <item type="string" name="deviceManifest_path">/{platform}/devices/manifest</item>
  <item type="string" name="deviceManifest_uri"></item>
  <item type="string-array" name="test_pkgnames">
    <string>com.htc.cs.dm</string>
    <string>com.htc.cs.dm.inspector</string>
  </item>
</app>
<app name="DMCommandService">
  <item type="integer" name="SprintDiagMSL">1</item>
</app>
<app name="DockMode">
  <item type="boolean" name="dock_screen_orientation_landscape">false</item>
</app>
<app name="Dot_Matrix">
  <item type="integer" name="call_timer_style">0</item>
  <item type="boolean" name="remove_arrow_animations">true</item>
  <item type="integer" name="support_cover_type">1</item>
  <item type="boolean" name="support_last_call_ui">false</item>
</app>
<app name="Download_Manager">
  <item type="boolean" name="download_fota_ctwap">false</item>
</app>
<app name="DownloadProvider">
  <item type="boolean" name="download_perf_enhancement">false</item>
  <item type="boolean" name="skip_default_proxy">false</item>
  <item type="boolean" name="switch_apn">true</item>
</app>
<app name="DriveActivator">
  <item type="boolean" name="is_att_sku">false</item>
  <item type="boolean" name="is_vzw_sku">false</item>
</app>
<app name="EasyAccessService">
  <item type="boolean" name="HTC_By_Pass_ACTION">false</item>
  <item type="integer" name="HTC_DOUBLE_TAP_ACTION">3</item>
  <item type="boolean" name="htc_easy_access_feature_down">false</item>
  <item type="boolean" name="HTC_QUICK_CALL_ACTION">false</item>
  <item type="integer" name="HTC_SWIPE_LEFT_ACTION">2</item>
  <item type="integer" name="HTC_SWIPE_RIGHT_ACTION">2</item>
  <item type="integer" name="HTC_SWIPE_UP_ACTION">3</item>
  <item type="integer" name="HTC_VOLUME_BUTTON_ACTION">2</item>
</app>
<app name="EPST">
  <item type="string" name="SprintCACombo"></item>
</app>
<app name="HTC_Sense_Input">
  <item type="boolean" name="vibrate_follow_setting">false</item>
</app>
<app name="HTC_Widget_Settings_Mobile_Network">
  <item type="string" name="DataPlanHyperLink">00000</item>
</app>
<app name="HTC_Widget_Settings_Power_Dashboard">
  <item type="boolean" name="wifi_widget_open_activity">false</item>
  <item type="boolean" name="wifi_widget_show_restricted_dialog">false</item>
</app>
<app name="HTC_Widget_WeatherClock">
  <item type="integer" name="default_theme">3</item>
</app>
<app name="HTCAlbum">
  <item type="boolean" name="disable_dlna">false</item>
  <item type="boolean" name="disable_zoe_harry_porter_effect">false</item>
  <item type="boolean" name="enable_china_address_info">false</item>
  <item type="boolean" name="enable_v_cloud_service">false</item>
</app>
<app name="HTCCommonControl">
  <item type="string-array" name="htcsharevia_default_order">
    <string>;</string>
    <string>com.htc.lucy</string>
    <string>com.htc.cloudstorage.skydrive</string>
    <string>com.dropbox.android</string>
    <string>com.google.android.apps.docs</string>
    <string>com.htc.android.mail</string>
    <string>com.htc.sense.mms</string>
    <string>com.facebook.katana</string>
    <string>com.htc.zero</string>
  </item>
</app>
<app name="HtcContacts">
  <item type="boolean" name="alwaysDefaultSimContactTypeForAddContact">false</item>
  <item type="boolean" name="customizeImePhoneTypeForPostCode">false</item>
  <item type="boolean" name="customizeImTypeForOutlook">false</item>
  <item type="boolean" name="customizeMenuStringForSendContactbySMS">false</item>
  <item type="boolean" name="customizeNameString">false</item>
  <item type="boolean" name="customizeSimNameMaxLen">false</item>
  <item type="boolean" name="customizeVcardFeatureForKDDI">false</item>
  <item type="boolean" name="customizeWebsiteTypeForOutlook">false</item>
  <item type="boolean" name="defaultPcContactTypeForAddContact">false</item>
  <item type="boolean" name="enable_edit_before_call">false</item>
  <item type="boolean" name="enable_voicemail">false</item>
  <item type="boolean" name="enableAAB">false</item>
  <item type="boolean" name="enableAABGroupChatFromRCS">false</item>
  <item type="boolean" name="enableAABVoLTE_VT">false</item>
  <item type="boolean" name="enableAioWirelessUs">false</item>
  <item type="boolean" name="enableATTcustomization">false</item>
  <item type="boolean" name="enableATTNameID">false</item>
  <item type="boolean" name="enableCallDurationHide">false</item>
  <item type="boolean" name="enableCMCCCustomization">false</item>
  <item type="boolean" name="enableCommunicationVVM">false</item>
  <item type="boolean" name="enabledEventOnPrismTab">false</item>
  <item type="boolean" name="enableEmergencyClickable">true</item>
  <item type="boolean" name="enableEnsurePreloadContacts">false</item>
  <item type="boolean" name="enableFilterSIMContactNameEnabled">false</item>
  <item type="boolean" name="enableFriendNoteImport">false</item>
  <item type="boolean" name="enableICEContacts">false</item>
  <item type="boolean" name="enableJapSectionIndexer">false</item>
  <item type="boolean" name="enableKDDICustomization">false</item>
  <item type="boolean" name="enableNumberNameforACG">false</item>
  <item type="boolean" name="enableNumberNameforCellSouth">false</item>
  <item type="boolean" name="enableSanMyanmarEnabled">false</item>
  <item type="boolean" name="enableSearchContactWithFullQwerty">false</item>
  <item type="boolean" name="enableSpecialSpanishString">false</item>
  <item type="boolean" name="enableSupportICEContactsVzw">false</item>
  <item type="boolean" name="enableTMOUScustomization">false</item>
  <item type="boolean" name="enableVZWcustomization">false</item>
  <item type="boolean" name="enableWhitePackageNameID">false</item>
  <item type="boolean" name="enalberRplaceN11NumberName">false</item>
  <item type="integer" name="getICCCardType">0</item>
  <item type="boolean" name="isCTProjectEnableVIPGroup">false</item>
  <item type="boolean" name="isCuCustomizeSimPhoneTypeLabel">false</item>
  <item type="boolean" name="isCustomizedLEDProject">false</item>
  <item type="boolean" name="isEditContactNoChangeResultOK">false</item>
  <item type="boolean" name="isSIMFDNEnabled">false</item>
  <item type="boolean" name="isSupportICEInformation">false</item>
  <item type="boolean" name="isVVMCheckedForBlockedMessage">false</item>
  <item type="string-array" name="led_color_code_table">
  </item>
  <item type="boolean" name="needNameForTmoUsContact">false</item>
  <item type="integer" name="new_volte_calllog_ui">0</item>
  <item type="boolean" name="read_only_preload">false</item>
  <item type="boolean" name="showAlphabetOnContactIcon">false</item>
  <item type="boolean" name="support_contact_picker_for_export_contact">false</item>
  <item type="boolean" name="supportAddSimContact">true</item>
  <item type="integer" name="supportEmailTypeForOutlook">0</item>
  <item type="boolean" name="supportSaveSimContactWithoutPhoneNumber">false</item>
  <item type="boolean" name="supportSendVcardBySMS">false</item>
  <item type="boolean" name="supportSendVCardPhotoBySMS">true</item>
  <item type="boolean" name="supportSimNumberInProfile">false</item>
  <item type="boolean" name="supportSipAdderss">true</item>
  <item type="boolean" name="supportWebsite">true</item>
</app>
<app name="HtcDialer">
  <item type="string" name="customizedDefaultCountry"></item>
  <item type="boolean" name="customizedHintFontColor">false</item>
  <item type="boolean" name="dial2ScreenAlways">false</item>
  <item type="integer" name="dialerServiceIndexType">0</item>
  <item type="boolean" name="enableHythen">false</item>
  <item type="boolean" name="enableJIME">false</item>
  <item type="boolean" name="enableMergeContact">true</item>
  <item type="boolean" name="enableMessagePrefixFilter">false</item>
  <item type="boolean" name="enableMyanmar">false</item>
  <item type="boolean" name="enablePerfectNameMatchFirst">true</item>
  <item type="boolean" name="enablePinyin">false</item>
  <item type="boolean" name="enableSearchSuffix">false</item>
  <item type="boolean" name="featureSecretCodeCustomization">false</item>
  <item type="boolean" name="oneModenProject">false</item>
  <item type="boolean" name="supportACGServiceName">false</item>
  <item type="boolean" name="supportAlphabetOnContactAvatar">false</item>
  <item type="boolean" name="supportBlacklist">false</item>
  <item type="boolean" name="supportCallHome">false</item>
  <item type="boolean" name="supportCustomizedProjection">false</item>
  <item type="boolean" name="supportEsurfing">false</item>
  <item type="boolean" name="supportHideContactsPhoto">true</item>
  <item type="boolean" name="supportHideNumber">true</item>
  <item type="boolean" name="supportHomeDialerAlwaysAskMe">false</item>
  <item type="boolean" name="supportIpDial">false</item>
  <item type="boolean" name="supportOneKeyMultiCall">false</item>
  <item type="boolean" name="supportPlaceCallCheckMMICode">false</item>
  <item type="boolean" name="supportReadPhoneState">false</item>
  <item type="boolean" name="supportSarInfo">false</item>
  <item type="boolean" name="supportSeparatedIpDialBySim">false</item>
  <item type="boolean" name="supportShowCustomizedByOperator">false</item>
  <item type="boolean" name="supportSlot1C2G">false</item>
  <item type="boolean" name="supportSmartDialerSDK">false</item>
  <item type="boolean" name="supportSpeedDialCutomizedItemEditable">false</item>
</app>
<app name="HtcFileManager">
  <item type="string" name="filemanager_start_clear_package">htc</item>
  <item type="boolean" name="filemanager_support_vzw_cloud">false</item>
</app>
<app name="HTCHelp">
  <item type="integer" name="HTCHelp_getSoftwareUpdateType">1</item>
  <item type="boolean" name="HTCHelp_has_MobileNetworkMode">true</item>
  <item type="boolean" name="HTCHelp_is_att_sku">false</item>
  <item type="boolean" name="HTCHelp_is_kddi_sku">false</item>
  <item type="boolean" name="HTCHelp_is_vzw_sku">false</item>
  <item type="boolean" name="HTCHelp_isShowUIM">false</item>
  <item type="integer" name="HTCHelpRecommendation">0</item>
</app>
<app name="HtcLocationService">
  <item type="boolean" name="disable_timezone_notification">false</item>
</app>
<app name="HtcLoccksreen">
  <item type="boolean" name="bypass_networklock">false</item>
  <item type="integer" name="device_performance_level">80</item>
  <item type="integer" name="max_networklock_retry_count">10</item>
  <item type="boolean" name="show_invalid_card_hint">false</item>
  <item type="boolean" name="simple_pin_default_enable">true</item>
  <item type="boolean" name="specify_dual_sim_state">false</item>
  <item type="boolean" name="support_softbank_customize_feature">false</item>
  <item type="boolean" name="support_verizon_customize_feature">false</item>
  <item type="boolean" name="use_aosp_fingerprint_behavior">false</item>
</app>
<app name="HtcMobileData">
  <item type="integer" name="BootUpWarningDialogType">0</item>
  <item type="integer" name="DeactivatePDPContext">0</item>
  <item type="integer" name="MoblieDataTurnOnBehavior">0</item>
  <item type="string" name="PreferredSimMccMnc"></item>
  <item type="integer" name="RoamingAreaChangeWarningType">0</item>
  <item type="integer" name="RoamingSettingTurnOnWarningType">0</item>
  <item type="integer" name="SupportCPA">0</item>
  <item type="integer" name="SupportDataErrorNotification">0</item>
  <item type="integer" name="SupportDataRoamingGrayOut">0</item>
  <item type="integer" name="SupportHomeDataSetting">0</item>
  <item type="integer" name="SupportMobileDataGrayOut">1</item>
  <item type="integer" name="SupportOmaCP">0</item>
  <item type="integer" name="UsingMobileNetworkMessageWithoutWLAN">0</item>
</app>
<app name="HtcOMADM_SPCS">
  <item type="integer" name="DC_After_FOTA">0</item>
  <item type="string-array" name="omadm_common">
  </item>
  <item type="string-array" name="omadm_connection">
  </item>
  <item type="string-array" name="omadm_feature">
  </item>
</app>
<app name="HtcSamantha">
  <item type="boolean" name="incall_assistant_enable">false</item>
</app>
<app name="HTCSpeakCyberon">
  <item type="boolean" name="ACC_SPEAKER_ON">true</item>
</app>
<app name="HtcVideoWidget">
  <item type="boolean" name="disable_background_saving">false</item>
  <item type="boolean" name="htcvideowidget_disable_tv">false</item>
  <item type="boolean" name="htcvideowidget_support_dts_logo">false</item>
  <item type="boolean" name="need_read_phone_state_permission">false</item>
  <item type="boolean" name="need_receive_sms_permission">false</item>
</app>
<app name="Ice View">
  <item type="integer" name="support_app_type">0</item>
</app>
<app name="Internet">
  <item type="boolean" name="has_feature_jp_proxy_settings">false</item>
  <item type="boolean" name="has_feature_mainpage">false</item>
  <item type="boolean" name="has_feature_remove_search_engine">false</item>
  <item type="boolean" name="need_to_remove_page_info">true</item>
  <item type="boolean" name="send_title_url_together">false</item>
  <item type="boolean" name="support_download_dialog_from_mail">false</item>
  <item type="boolean" name="support_download_overwrite">false</item>
  <item type="boolean" name="support_download_path">false</item>
  <item type="boolean" name="support_filemanager">false</item>
  <item type="boolean" name="support_MyCollections_folder">false</item>
  <item type="boolean" name="support_OMA_hide_info">false</item>
  <item type="boolean" name="support_OMA_nexturl_dialog">true</item>
  <item type="boolean" name="support_rename_download_file">false</item>
</app>
<app name="Mail">
  <item type="integer" name="calendarMaxWindowSize">5</item>
  <item type="integer" name="contactMaxWindowSize">100</item>
  <item type="string" name="customize_download_folder"></item>
  <item type="boolean" name="disableSmartLock">false</item>
  <item type="boolean" name="enablePasswordRecovery">true</item>
  <item type="boolean" name="enableSwitchComposer">true</item>
  <item type="boolean" name="enableWoMailAccountEntry">false</item>
  <item type="boolean" name="hux_enabled">false</item>
  <item type="boolean" name="imei_as_device_id">false</item>
  <item type="integer" name="list_view_query_internal">3000</item>
  <item type="integer" name="mail_list_query_limit">50</item>
  <item type="integer" name="mailMaxWindowSize">50</item>
  <item type="integer" name="mailMinWindowSize">5</item>
  <item type="integer" name="new_mail_notification_version">2</item>
  <item type="boolean" name="not_support_backup_restore_eas_account">false</item>
  <item type="boolean" name="peak_random_max_limit">true</item>
  <item type="boolean" name="radio_dormant_flag">false</item>
  <item type="boolean" name="roaming_support_trip">false</item>
  <item type="boolean" name="screen_lock_immediately_after_policy">false</item>
  <item type="boolean" name="show_setup_wizard_icon">false</item>
  <item type="boolean" name="showKDDIAccountColor">false</item>
  <item type="boolean" name="support_notification_led_color">false</item>
  <item type="integer" name="taskMaxWindowSize">100</item>
</app>
<app name="Media_Output">
  <item type="integer" name="bt_scan_delay">4000</item>
</app>
<app name="Message">
  <item type="integer" name="gsm_cbs_switch_default">-1</item>
  <item type="string" name="message_ambs_application_id"></item>
  <item type="boolean" name="message_delete_old_messages_by_time">false</item>
  <item type="integer" name="message_feature_type">42</item>
  <item type="boolean" name="message_mms_auto_adjust_slideshow_playing_region">false</item>
  <item type="boolean" name="message_mms_auto_send_read_report_default_on">true</item>
  <item type="boolean" name="message_mms_correct_slideshow_text_region">false</item>
  <item type="boolean" name="message_mms_force_related_with_smil">false</item>
  <item type="boolean" name="message_mms_group_message_default_on">true</item>
  <item type="integer" name="message_mms_min_phone_number_parsing_length">5</item>
  <item type="boolean" name="message_mms_mt_use_device_time">false</item>
  <item type="boolean" name="message_mms_reserve_pdu_header_buffer">false</item>
  <item type="boolean" name="message_mms_show_expiry_setting">false</item>
  <item type="boolean" name="message_mms_show_music_info_in_slideshow">true</item>
  <item type="boolean" name="message_mms_support_attach_location">true</item>
  <item type="boolean" name="message_mms_support_convert_long_sms_to_mms">true</item>
  <item type="boolean" name="message_mms_support_device_timeout">false</item>
  <item type="boolean" name="message_mms_support_download_expired_mms">true</item>
  <item type="boolean" name="message_mms_support_group_message">true</item>
  <item type="boolean" name="message_mms_support_header_proxy_authorization">false</item>
  <item type="boolean" name="message_mms_support_ipv6">false</item>
  <item type="boolean" name="message_mms_support_low_balance_notification">false</item>
  <item type="boolean" name="message_mms_support_one_page_viewer">false</item>
  <item type="boolean" name="message_mms_support_send_via_iwlan">false</item>
  <item type="boolean" name="message_mms_support_send_via_wifi">false</item>
  <item type="boolean" name="message_mms_support_send_via_wimax">false</item>
  <item type="boolean" name="message_mms_support_share_browser_screenshot">false</item>
  <item type="boolean" name="message_mms_using_cid_in_smil">true</item>
  <item type="boolean" name="message_not_support_status_report_icon">false</item>
  <item type="boolean" name="message_rcs_is_support_alias_name">true</item>
  <item type="boolean" name="message_rcs_is_support_audio_messaging">false</item>
  <item type="boolean" name="message_rcs_is_support_contact_online_status">true</item>
  <item type="boolean" name="message_rcs_is_support_foreground_thread_notification">false</item>
  <item type="boolean" name="message_rcs_is_support_geolocation_push">false</item>
  <item type="boolean" name="message_rcs_is_support_group_chat_thread_indicator">true</item>
  <item type="boolean" name="message_rcs_is_support_merged_group_thread">false</item>
  <item type="boolean" name="message_rcs_is_support_RCS_draft">true</item>
  <item type="boolean" name="message_rcs_is_support_rcs_switcher">false</item>
  <item type="boolean" name="message_rcs_is_support_show_attached_image_size">false</item>
  <item type="boolean" name="message_rcs_is_support_technology_convert_dialog">false</item>
  <item type="boolean" name="message_rcs_is_support_technology_convert_toast">true</item>
  <item type="boolean" name="message_rcs_is_support_thread_set_top">false</item>
  <item type="string" name="message_sms_cdma_cmas_channels"></item>
  <item type="string" name="message_sms_gsm_cmas_channels"></item>
  <item type="boolean" name="message_sms_is_cdma_support_simsms">false</item>
  <item type="boolean" name="message_sms_is_support_8color_led">false</item>
  <item type="boolean" name="message_sms_is_support_a9format_accentfilter_transform_set">false</item>
  <item type="boolean" name="message_sms_is_support_accent_convert">true</item>
  <item type="boolean" name="message_sms_is_support_add_callbacknumber_to_urllist">false</item>
  <item type="boolean" name="message_sms_is_support_add_fwd_colon_in_forward_sms">false</item>
  <item type="boolean" name="message_sms_is_support_add_recent_recipient">false</item>
  <item type="boolean" name="message_sms_is_support_asterisk272_prefix_phonenumber">false</item>
  <item type="boolean" name="message_sms_is_support_c1format_backupfile_path">false</item>
  <item type="boolean" name="message_sms_is_support_c1format_lteonly_warning_dialog">false</item>
  <item type="boolean" name="message_sms_is_support_canada_wpas">false</item>
  <item type="boolean" name="message_sms_is_support_cdma_cmasoverlte">false</item>
  <item type="boolean" name="message_sms_is_support_cdma_sim_for_proxy_icc_card">false</item>
  <item type="boolean" name="message_sms_is_support_cellbroadcast_notification_immutable">false</item>
  <item type="boolean" name="message_sms_is_support_china_sense">false</item>
  <item type="boolean" name="message_sms_is_support_cl_alert">false</item>
  <item type="boolean" name="message_sms_is_support_cmas_135_reminder">false</item>
  <item type="boolean" name="message_sms_is_support_cmas_dropduplication_by_messageid">false</item>
  <item type="boolean" name="message_sms_is_support_cmas_dudu_sound_for_earphone_music">false</item>
  <item type="boolean" name="message_sms_is_support_cmas_first_in_first_out">false</item>
  <item type="boolean" name="message_sms_is_support_cmas_hyperlink_for_pesa">false</item>
  <item type="boolean" name="message_sms_is_support_cmas_max_priority_notification">false</item>
  <item type="boolean" name="message_sms_is_support_cmas_moreinfo_ui">false</item>
  <item type="boolean" name="message_sms_is_support_cmas_recycle">false</item>
  <item type="boolean" name="message_sms_is_support_cmas_when_simless">false</item>
  <item type="boolean" name="message_sms_is_support_compare_replace_SMS_date">false</item>
  <item type="boolean" name="message_sms_is_support_convert_to_mms_over_one_sms">false</item>
  <item type="boolean" name="message_sms_is_support_default_enable_gsmcmas">false</item>
  <item type="boolean" name="message_sms_is_support_delay_talk_for_cmas_dialog">false</item>
  <item type="boolean" name="message_sms_is_support_dial_callbacknumber_directly">false</item>
  <item type="boolean" name="message_sms_is_support_drop_cb_message">false</item>
  <item type="boolean" name="message_sms_is_support_drop_doubleslash_started_sms">false</item>
  <item type="boolean" name="message_sms_is_support_forwardsmsview">false</item>
  <item type="boolean" name="message_sms_is_support_hide_cmas_expiretime">false</item>
  <item type="boolean" name="message_sms_is_support_ignore_cmas_dialog_in_ecbm">false</item>
  <item type="boolean" name="message_sms_is_support_init_draft_focuson_recipienteditor">false</item>
  <item type="boolean" name="message_sms_is_support_k1format_idd_rule">false</item>
  <item type="boolean" name="message_sms_is_support_k1format_roaming_multirecipient_alert">false</item>
  <item type="boolean" name="message_sms_is_support_k2_emoji_zoo_factor_3">false</item>
  <item type="boolean" name="message_sms_is_support_k2_emoji_zoo_factor_6">false</item>
  <item type="boolean" name="message_sms_is_support_mdyhma_date_format_for_sms_detail">false</item>
  <item type="boolean" name="message_sms_is_support_nl_alert">true</item>
  <item type="boolean" name="message_sms_is_support_no_space_phone_number_pattern">false</item>
  <item type="boolean" name="message_sms_is_support_p1format_accentfilter_transform_set">false</item>
  <item type="boolean" name="message_sms_is_support_pass_fdn_blocked">false</item>
  <item type="boolean" name="message_sms_is_support_plaintext_backupfile">false</item>
  <item type="boolean" name="message_sms_is_support_plaintext_vcard">false</item>
  <item type="boolean" name="message_sms_is_support_remove_cmas_hyperlink">false</item>
  <item type="boolean" name="message_sms_is_support_remove_locale_from_urllist">false</item>
  <item type="boolean" name="message_sms_is_support_remove_sms_vcard">false</item>
  <item type="boolean" name="message_sms_is_support_reset_cmas_after_swap_sim">false</item>
  <item type="boolean" name="message_sms_is_support_s1format_areacode_alert_dialog">false</item>
  <item type="boolean" name="message_sms_is_support_s1format_cmas_string">false</item>
  <item type="boolean" name="message_sms_is_support_s1format_email_body_length_limit">false</item>
  <item type="boolean" name="message_sms_is_support_s1format_idd_rule">false</item>
  <item type="boolean" name="message_sms_is_support_s1format_phone_number_pattern">false</item>
  <item type="boolean" name="message_sms_is_support_s1format_roaming_guard">false</item>
  <item type="boolean" name="message_sms_is_support_s1format_spam_report">false</item>
  <item type="boolean" name="message_sms_is_support_s5format_cmas_testalert_titlesummary">false</item>
  <item type="boolean" name="message_sms_is_support_save_mosms_to_sim">false</item>
  <item type="boolean" name="message_sms_is_support_sentintent_contain_packagename">false</item>
  <item type="boolean" name="message_sms_is_support_separate_group_sms">false</item>
  <item type="boolean" name="message_sms_is_support_show_cdma_privacy_indicator">false</item>
  <item type="boolean" name="message_sms_is_support_show_hidden_smsc">false</item>
  <item type="boolean" name="message_sms_is_support_show_info_icon_by_condition">false</item>
  <item type="boolean" name="message_sms_is_support_show_leave_ecbm_dialog">false</item>
  <item type="boolean" name="message_sms_is_support_show_sentsms_error_causecode">false</item>
  <item type="boolean" name="message_sms_is_support_showlocation_of_address">false</item>
  <item type="boolean" name="message_sms_is_support_skip_people_blocklist_check">false</item>
  <item type="boolean" name="message_sms_is_support_skip_sms_delivery_report">false</item>
  <item type="boolean" name="message_sms_is_support_t1format_cmas_vibrate">false</item>
  <item type="boolean" name="message_sms_is_support_t2format_phone_number_pattern">false</item>
  <item type="boolean" name="message_sms_is_support_t4format_sms_statuscode">false</item>
  <item type="boolean" name="message_sms_is_support_testcmas_setting">false</item>
  <item type="boolean" name="message_sms_is_support_text_editor_allow_emoji">false</item>
  <item type="boolean" name="message_sms_is_support_treat_status_report_as_success">false</item>
  <item type="boolean" name="message_sms_is_support_use_last_segment_time_as_long_sms_time">false</item>
  <item type="boolean" name="message_sms_is_support_use_uri_as_senderaddress">false</item>
  <item type="boolean" name="message_sms_is_support_v1format_cmas_icon">false</item>
  <item type="boolean" name="message_sms_is_support_v1format_cmas_notification_icon">false</item>
  <item type="boolean" name="message_sms_is_support_v1format_error_causecode">false</item>
  <item type="boolean" name="message_sms_is_support_v1format_hidden_contactname">false</item>
  <item type="boolean" name="message_sms_is_support_v1format_idd_rule">false</item>
  <item type="boolean" name="message_sms_is_support_v1format_lbs_prefixcheck">false</item>
  <item type="boolean" name="message_sms_is_support_v1format_no_cmas_string">false</item>
  <item type="boolean" name="message_sms_is_support_v1format_noservice_sendfail_dialog">false</item>
  <item type="boolean" name="message_sms_is_support_v1format_recipienteditor_length_rule">false</item>
  <item type="boolean" name="message_sms_is_support_v1format_replacemessage">false</item>
  <item type="boolean" name="message_sms_is_support_v1format_rtt_evdo_error_action">false</item>
  <item type="boolean" name="message_sms_is_support_v1format_uicc_card">false</item>
  <item type="boolean" name="message_sms_is_support_v1format_urgent_smsnotification_icon">false</item>
  <item type="boolean" name="message_sms_is_support_v1format_vvm_prefixcheck">false</item>
  <item type="boolean" name="message_sms_is_support_vcalendar">false</item>
  <item type="boolean" name="message_sms_is_support_warning_for_empty_mosms">false</item>
  <item type="boolean" name="message_sms_is_support_yymmdd_date_format">false</item>
  <item type="boolean" name="message_sms_not_support_cdms_sms_priority">false</item>
  <item type="boolean" name="message_sms_not_support_priority_and_replyoption_when_c2c_roaming">false</item>
  <item type="integer" name="message_sms_unicode_subject_length">40</item>
  <item type="boolean" name="support_gsm_cbs">true</item>
</app>
<app name="MusicChannel">
  <item type="string" name="backbuffer_rgb_size">default</item>
  <item type="integer" name="fps_quality">-1</item>
  <item type="string" name="resolution_quality">default</item>
</app>
<app name="Nationalroaming">
  <item type="boolean" name="allow_national_roaming">false</item>
  <item type="string-array" name="national_roaming_mccmnc">
  </item>
  <item type="string-array" name="nationalRoamingUiSupportList">
  </item>
</app>
<app name="News_SN_Plugin">
  <item type="boolean" name="enable_promotion_notification">true</item>
</app>
<app name="OMACP">
  <item type="boolean" name="support_omacp_wappush_soundvibrate">false</item>
</app>
<app name="OMADM_VZW">
  <item type="string" name="carrierota_size"></item>
</app>
<app name="Phone">
  <item type="boolean" name="acc_setting_ims_service_state_preference">false</item>
  <item type="boolean" name="acc_softbank_clir_setting">false</item>
  <item type="integer" name="Advance_Calling_With_Radio_Button_VZW">0</item>
  <item type="integer" name="advanced_calling_ui_version">2</item>
  <item type="boolean" name="alternativeEccWay">false</item>
  <item type="boolean" name="auto_answer_on_def">true</item>
  <item type="integer" name="CAEnable">0</item>
  <item type="boolean" name="callBarringDisabled">false</item>
  <item type="boolean" name="cb_ai_show_button">true</item>
  <item type="boolean" name="cb_ao_show_button">true</item>
  <item type="boolean" name="cb_cp_show_button">true</item>
  <item type="boolean" name="cb_da_show_button">false</item>
  <item type="boolean" name="cb_damo_show_button">false</item>
  <item type="boolean" name="cb_damt_show_button">false</item>
  <item type="boolean" name="CB_HIDE_OTHERS_BUTTON">false</item>
  <item type="boolean" name="cb_ir_show_button">true</item>
  <item type="boolean" name="cb_oi_show_button">true</item>
  <item type="boolean" name="cb_ox_show_button">true</item>
  <item type="boolean" name="cbEnable_airplanemodeAndWFC">false</item>
  <item type="string-array" name="cdma_telephony_call_intercept_none_chameleon">
  </item>
  <item type="integer" name="cdmaNetBusyToneId">-1</item>
  <item type="integer" name="cdmaNetBusyToneLengthMillis">5000</item>
  <item type="boolean" name="cfb_show_button">true</item>
  <item type="boolean" name="cfenable_airplanemodeAndWFC">false</item>
  <item type="boolean" name="cfnrc_show_button">true</item>
  <item type="boolean" name="cfnry_show_button">true</item>
  <item type="boolean" name="cfnrynrc_show_button">false</item>
  <item type="boolean" name="cfu_show_button">true</item>
  <item type="boolean" name="clirEnable_airplanemodeAndWFC">false</item>
  <item type="string" name="customer_name">HTC_EUROPE</item>
  <item type="boolean" name="customize_disable_lte">false</item>
  <item type="string" name="customizeVoiceMailCarrierName"></item>
  <item type="boolean" name="cwenable_airplanemodeAndWFC">false</item>
  <item type="integer" name="delayOfAllowIncomingRing">300</item>
  <item type="boolean" name="disableHearingAidsCdma">true</item>
  <item type="boolean" name="disableHearingAidsWorldPhone">true</item>
  <item type="boolean" name="disablePdpForNetworkScanTemporarily">false</item>
  <item type="boolean" name="disableVoiceMailNumber">false</item>
  <item type="integer-array" name="discardMipValues">
    <int>-1</int>
  </item>
  <item type="boolean" name="displaySimNotReadableNotification">false</item>
  <item type="boolean" name="dualSimDataRoamingPreferredSlot">true</item>
  <item type="boolean" name="enable_lifetime_calls">false</item>
  <item type="boolean" name="enableHearingAidsGsm">false</item>
  <item type="boolean" name="enableUpdateAttrPsensorStatusHandsFree">false</item>
  <item type="boolean" name="enableVzWAVS">false</item>
  <item type="boolean" name="fdnDisabled">false</item>
  <item type="boolean" name="featureCdmaApnSettings">false</item>
  <item type="boolean" name="featureCdmaCallForwarding">false</item>
  <item type="boolean" name="featureCdmaCallWaiting">false</item>
  <item type="boolean" name="featureCdmaLteApnSettings">false</item>
  <item type="boolean" name="featureCdmaLteNetworkSelector">false</item>
  <item type="boolean" name="featureCdmaPreferredRoaming">true</item>
  <item type="boolean" name="featureCDMATtyMode">true</item>
  <item type="integer" name="featureCDMATtyModeEnhance">1</item>
  <item type="boolean" name="featureDataWaringBootUp">false</item>
  <item type="integer" name="featureDynamicWorphoneOption">0</item>
  <item type="boolean" name="featureGlobalRoamingOptions">false</item>
  <item type="boolean" name="featureGSMTtyMode">false</item>
  <item type="boolean" name="featureHttpRedirect">false</item>
  <item type="integer-array" name="featureHwCaBandList">
  </item>
  <item type="boolean" name="featureNotLogEmergencyNumber">false</item>
  <item type="boolean" name="featurePco">false</item>
  <item type="boolean" name="featurePcoNaoc">false</item>
  <item type="boolean" name="featurePlusCodeDialing">false</item>
  <item type="boolean" name="featurePreferredNetworkOptionLteBoundCdmaGsm">false</item>
  <item type="integer" name="featureSprintIVR">0</item>
  <item type="boolean" name="featureSupportVoiceRecording">true</item>
  <item type="integer" name="featureTriggerCustomNvSwitchComplete">0</item>
  <item type="boolean" name="hide_sip_call_settings">false</item>
  <item type="boolean" name="hideCellBroadcastSetting">false</item>
  <item type="boolean" name="isNoneOrientationSensorDevices">false</item>
  <item type="boolean" name="isNotAllowedDisableBothSIM">false</item>
  <item type="boolean" name="isWaterProof">false</item>
  <item type="boolean" name="needChangedPhoneNoticationSummary">true</item>
  <item type="integer" name="network_unlock_code_length">8</item>
  <item type="boolean" name="onlyQueryMoCallLog">false</item>
  <item type="integer" name="preferred_network_type_mode_style">5</item>
  <item type="integer" name="preferred_network_type_secret_code_style">0</item>
  <item type="string-array" name="ps_convert_mt_address_rule">
  </item>
  <item type="boolean" name="showAccumulatorCallButton">false</item>
  <item type="boolean" name="showApnNameInsteadOfApnInNotification">false</item>
  <item type="integer" name="support_aosp_network_mode_design">0</item>
  <item type="boolean" name="support_usb_type_headset">false</item>
  <item type="boolean" name="supportActionQuickBootPoweron">false</item>
  <item type="boolean" name="supportATTWifiCalling">false</item>
  <item type="boolean" name="supportCdmaSwapAfterMerge">true</item>
  <item type="boolean" name="supportCellBroadcase">false</item>
  <item type="boolean" name="supportDataRoamButton">false</item>
  <item type="boolean" name="supportHomePlusCodePrefixNumber">false</item>
  <item type="boolean" name="supportNlAlert">true</item>
  <item type="integer" name="supportPlusCodeConversion">0</item>
  <item type="boolean" name="supportPowerBackOff">false</item>
  <item type="boolean" name="supportSecureEntitlementServiceCheck">false</item>
  <item type="boolean" name="supportSemiEccCalls">false</item>
  <item type="boolean" name="supportShowSimPinAcceptMessageToast">false</item>
  <item type="boolean" name="SupportTGPreferredMode">false</item>
  <item type="boolean" name="supportTurnAirPlaneModeByAlarm">false</item>
  <item type="boolean" name="supportUserPreferredNetworkList">false</item>
  <item type="boolean" name="supportVivoPtb">false</item>
  <item type="string" name="volte_eab_operator_behavior">not_specified</item>
  <item type="boolean" name="voLteEnableAutoDomain">false</item>
  <item type="boolean" name="voLteEnableImsToggle">true</item>
  <item type="boolean" name="voLteEnableMultitasking">false</item>
  <item type="boolean" name="voLteForbidSsDuringE911">true</item>
  <item type="integer" name="VoWiFi_VZW">0</item>
</app>
<app name="Phone_Contacts">
  <item type="integer" name="cityidinfo_support_type">0</item>
  <item type="boolean" name="customizeDialPadPrefix">false</item>
  <item type="boolean" name="isMMSBlockedEnabled">true</item>
  <item type="boolean" name="isSIMSDNEnabled">false</item>
  <item type="boolean" name="support_voice_speech_codec_icon">true</item>
</app>
<app name="Prism">
  <item type="boolean" name="allapps_style_enabled_deafult">false</item>
  <item type="integer" name="default_allapps_grid_size">1</item>
  <item type="integer" name="default_allapps_sort_type">0</item>
  <item type="boolean" name="default_blink_feed">true</item>
  <item type="integer-array" name="default_homescreen_grid_size">
    <int>5</int>
    <int>5</int>
  </item>
  <item type="boolean" name="disable_oobe_user_consent_notification">false</item>
  <item type="boolean" name="dots_only">true</item>
  <item type="boolean" name="embed_wallpaper">false</item>
  <item type="boolean" name="enable_blinkfeed_feature">true</item>
  <item type="boolean" name="enable_bubble_count">true</item>
  <item type="boolean" name="enable_download_option">false</item>
  <item type="boolean" name="enable_single_line_text">false</item>
  <item type="boolean" name="enable_suggestion_option">true</item>
  <item type="boolean" name="feed_ui_elements_only_when_scrolling">false</item>
  <item type="boolean" name="feed_ui_persist_masthead">false</item>
  <item type="integer" name="home_sku_id">0</item>
  <item type="string-array" name="ignored_feed_providers">
  </item>
  <item type="boolean" name="legacy_icon_treatment">true</item>
  <item type="integer" name="manage_ads">2</item>
  <item type="boolean" name="show_bubble_count_setting">false</item>
</app>
<app name="RCSeService">
  <item type="boolean" name="is_low_end_device">false</item>
  <item type="boolean" name="rcs_is_emea_oc">false</item>
  <item type="boolean" name="show_wifi_connection_alert">false</item>
  <item type="boolean" name="support_bidirection_richcall_session">true</item>
  <item type="boolean" name="support_hardware_video_codec">true</item>
  <item type="boolean" name="support_video_share">true</item>
  <item type="boolean" name="transfer_rgb_to_yuv">false</item>
</app>
<app name="RSS_SN_Plugin">
  <item type="string-array" name="preload_rss_feed">
  </item>
</app>
<app name="Settings">
  <item type="boolean" name="allow_apn_field_empty">false</item>
  <item type="boolean" name="apn_disable_htc_mvno">false</item>
  <item type="boolean" name="apn_disable_mms_fields">false</item>
  <item type="boolean" name="apn_display_ppp_number_data_bearer">false</item>
  <item type="boolean" name="apn_force_hide_bearer">false</item>
  <item type="boolean" name="apn_force_hide_protocol">false</item>
  <item type="string-array" name="apn_hide_editor_when_readonly">
  </item>
  <item type="string-array" name="appinfo_clearcache_button_block_list">
  </item>
  <item type="string-array" name="appinfo_force_stop_block_list">
  </item>
  <item type="boolean" name="boomsound_srs_choice">true</item>
  <item type="boolean" name="camera_open_doubletap_power">true</item>
  <item type="string-array" name="ct_mccmnc_code">
    <string>46003</string>
    <string>46011</string>
    <string>46012</string>
    <string>45502</string>
    <string>20404</string>
    <string>45404</string>
  </item>
  <item type="string" name="customize_settings_voice_assistant">NULL</item>
  <item type="boolean" name="default_always_scan_wifi_settings">false</item>
  <item type="boolean" name="disable_sim_pin_ui">false</item>
  <item type="string-array" name="dont_reset_mvno_operator_when_restore_apn">
  </item>
  <item type="boolean" name="enable_E911_for_US_only">false</item>
  <item type="boolean" name="force_hide_oem_unlock_ui">false</item>
  <item type="boolean" name="front_side_speaker">true</item>
  <item type="string-array" name="hide_apn_add_and_delete_menu">
  </item>
  <item type="string-array" name="hide_apn_add_and_restore_under_umts">
    <string>316010</string>
    <string>310120</string>
  </item>
  <item type="string-array" name="hide_apn_auth_type_pap_or_chap_entry">
    <string>00101</string>
    <string>44007</string>
    <string>44008</string>
    <string>44050</string>
    <string>44051</string>
    <string>44052</string>
    <string>44053</string>
    <string>44054</string>
    <string>44055</string>
    <string>44056</string>
    <string>44070</string>
    <string>44071</string>
    <string>44072</string>
    <string>44073</string>
    <string>44074</string>
    <string>44075</string>
    <string>44076</string>
    <string>44088</string>
    <string>44089</string>
    <string>44170</string>
  </item>
  <item type="boolean" name="HTC_EASY_ACCESS_ACTION">true</item>
  <item type="boolean" name="mocana_vpn_support">false</item>
  <item type="string" name="notification_flash_led_8color">-1;0000FF;0FFF3E;00FF00;C8C864;F000FF;EFC800;FF0000;45C800</item>
  <item type="string-array" name="popup_tethering_dialog_if_apn_change">
    <string>310410</string>
    <string>310070</string>
    <string>310090</string>
    <string>310150</string>
    <string>310170</string>
    <string>310380</string>
    <string>310560</string>
    <string>310680</string>
    <string>311180</string>
  </item>
  <item type="integer" name="power_saver_default_battery_level">-1</item>
  <item type="boolean" name="set_new_apn_as_prefered">false</item>
  <item type="boolean" name="settings_accountsync_disable_gmail_exchange">false</item>
  <item type="boolean" name="settings_accountsync_enable_addaccount">true</item>
  <item type="boolean" name="settings_cdma_eri_version">false</item>
  <item type="boolean" name="settings_cdma_imei_none_wphone">false</item>
  <item type="boolean" name="settings_cdma_life_call_timer_data_usage">false</item>
  <item type="boolean" name="settings_cdma_meid_decimal">false</item>
  <item type="boolean" name="settings_cdma_nai">false</item>
  <item type="boolean" name="settings_cdma_remove_imei_sv">false</item>
  <item type="boolean" name="settings_cdma_remove_meid">false</item>
  <item type="boolean" name="settings_cdma_uicc_id">false</item>
  <item type="boolean" name="settings_cdma_uicc_imsi">false</item>
  <item type="boolean" name="settings_gsm_remove_imei_sv">false</item>
  <item type="string-array" name="settings_hide_application_list">
    <string>com.cootek.smartinputv5.language.oem.arabic</string>
    <string>com.cootek.smartinputv5.language.oem.armenian</string>
    <string>com.cootek.smartinputv5.language.oem.bulgarian</string>
    <string>com.cootek.smartinputv5.language.oem.cangjie</string>
    <string>com.cootek.smartinputv5.language.oem.catalan</string>
    <string>com.cootek.smartinputv5.language.oem.cht</string>
    <string>com.cootek.smartinputv5.language.oem.croatian</string>
    <string>com.cootek.smartinputv5.language.oem.czech</string>
    <string>com.cootek.smartinputv5.language.oem.danish</string>
    <string>com.cootek.smartinputv5.language.oem.dutch</string>
    <string>com.cootek.smartinputv5.language.oem.englishgb</string>
    <string>com.cootek.smartinputv5.language.oem.estonian</string>
    <string>com.cootek.smartinputv5.language.oem.finnish</string>
    <string>com.cootek.smartinputv5.language.oem.french</string>
    <string>com.cootek.smartinputv5.language.oem.german</string>
    <string>com.cootek.smartinputv5.language.oem.greek</string>
    <string>com.cootek.smartinputv5.language.oem.chs.handwrite</string>
    <string>com.cootek.smartinputv5.language.oem.hebrew</string>
    <string>com.cootek.smartinputv5.language.oem.hungarian</string>
    <string>com.cootek.smartinputv5.language.oem.indonesian</string>
    <string>com.cootek.smartinputv5.language.oem.italian</string>
    <string>com.cootek.smartinputv5.language.oem.kazakh</string>
    <string>com.cootek.smartinputv5.language.oem.latvian</string>
    <string>com.cootek.smartinputv5.language.oem.lithuanian</string>
    <string>com.cootek.smartinputv5.language.oem.malayan</string>
    <string>com.cootek.smartinputv5.language.oem.norwegian</string>
    <string>com.cootek.smartinputv5.language.oem.persian</string>
    <string>com.cootek.smartinputv5.language.oem.chs</string>
    <string>com.cootek.smartinputv5.language.oem.polish</string>
    <string>com.cootek.smartinputv5.language.oem.portuguesept</string>
    <string>com.cootek.smartinputv5.language.oem.romanian</string>
    <string>com.cootek.smartinputv5.language.oem.russian</string>
    <string>com.cootek.smartinputv5.language.oem.serbianlatin</string>
    <string>com.cootek.smartinputv5.language.oem.simplecangjie</string>
    <string>com.cootek.smartinputv5.language.oem.slovak</string>
    <string>com.cootek.smartinputv5.language.oem.slovenian</string>
    <string>com.cootek.smartinputv5.language.oem.spanish</string>
    <string>com.cootek.smartinputv5.language.oem.spanishus</string>
    <string>com.cootek.smartinputv5.language.oem.swedish</string>
    <string>com.cootek.smartinputv5.language.oem.turkish</string>
    <string>com.cootek.smartinputv5.language.oem.ukrainian</string>
  </item>
  <item type="boolean" name="settings_remove_device_serial_number">false</item>
  <item type="boolean" name="settings_wifi_not_support_wispr_preference">false</item>
  <item type="integer" name="settings_wifi_reminder_countdown">0</item>
  <item type="boolean" name="settings_wifi_support_auto_hotspot_sign_in">true</item>
  <item type="boolean" name="settings_wifi_support_ccx_config">false</item>
  <item type="boolean" name="settings_wifi_support_cricket_wifimanager">false</item>
  <item type="boolean" name="settings_wifi_support_disconnect_network">false</item>
  <item type="boolean" name="settings_wifi_support_first_priority">false</item>
  <item type="boolean" name="settings_wifi_support_htccaptiveportallogin">true</item>
  <item type="boolean" name="settings_wifi_support_show_auto_connect">false</item>
  <item type="string-array" name="settings_wifi_support_specific_aka_ssid_list">
  </item>
  <item type="string-array" name="settings_wifi_support_specific_sim_ssid_list">
  </item>
  <item type="boolean" name="settings_wifi_support_toast_eap_sim_auto_logon">false</item>
  <item type="boolean" name="settings_wifi_support_vzw_wispr">false</item>
  <item type="string-array" name="show_apn_dns_field">
    <string>00101</string>
    <string>44007</string>
    <string>44008</string>
    <string>44050</string>
    <string>44051</string>
    <string>44052</string>
    <string>44053</string>
    <string>44054</string>
    <string>44055</string>
    <string>44056</string>
    <string>44070</string>
    <string>44071</string>
    <string>44072</string>
    <string>44073</string>
    <string>44074</string>
    <string>44075</string>
    <string>44076</string>
    <string>44088</string>
    <string>44089</string>
    <string>44170</string>
  </item>
  <item type="boolean" name="support_android_security_patch_level">false</item>
  <item type="boolean" name="support_consent_to_repair">false</item>
  <item type="boolean" name="support_detailed_roaming">false</item>
  <item type="boolean" name="support_dock_module">true</item>
  <item type="boolean" name="support_more_emergency_call_state">false</item>
  <item type="boolean" name="support_roaming">true</item>
  <item type="boolean" name="SupportHideBearerOption">false</item>
  <item type="string-array" name="toast_when_select_non_4g_apn_if_4g_camped">
    <string>46000</string>
    <string>46002</string>
    <string>46007</string>
    <string>46008</string>
    <string>46012</string>
  </item>
  <item type="string-array" name="wifi_auto_join_ssid_list">
  </item>
  <item type="string-array" name="wifi_eap_type_support_list">
    <string>PEAP</string>
    <string>TLS</string>
    <string>TTLS</string>
    <string>PWD</string>
    <string>SIM</string>
    <string>AKA</string>
  </item>
  <item type="string-array" name="wifi_read_only_ssid_list">
  </item>
</app>
<app name="Settings-Wireless_+_network-Mobile_network">
  <item type="integer" name="customize_wimax_wording">-1</item>
  <item type="integer" name="DataRoamingUiStyle">0</item>
  <item type="boolean" name="lteRoamingSetting">false</item>
  <item type="boolean" name="support_turnoff_mobile_data_dialog">false</item>
</app>
<app name="Settings-Wireless_+_network-USB_tethering_">
  <item type="boolean" name="Single_USB_tethering">false</item>
  <item type="boolean" name="usb_storage_notification">false</item>
</app>
<app name="Setup">
  <item type="integer" name="customer">0</item>
  <item type="string" name="oobe_boot_image">oobe_blackback_image.png</item>
</app>
<app name="SmartCardServiceGemalto">
  <item type="boolean" name="seek_support_felica_lock_service">false</item>
</app>
<app name="SmartCardServiceGP">
  <item type="boolean" name="seek_is_kddi_sku">false</item>
  <item type="boolean" name="seek_is_need_to_check_sim_ready">true</item>
  <item type="boolean" name="seek_is_vzw_sku">false</item>
  <item type="boolean" name="seek_preferred_crsm">false</item>
  <item type="string" name="seek_uicc_name">SIM1</item>
</app>
<app name="Software_Update_FOTA">
  <item type="integer" name="support_capacity_threshold">0</item>
  <item type="boolean" name="support_default_auto_update">false</item>
  <item type="boolean" name="support_default_auto_update_apu">false</item>
  <item type="boolean" name="support_enablehgc">false</item>
  <item type="string" name="support_sms_message">NA</item>
  <item type="boolean" name="support_switch_apn">false</item>
</app>
<app name="SoundPicker">
  <item type="integer" name="customize_menu_items">0</item>
</app>
<app name="Stk">
  <item type="integer" name="defaultStkUITimeout">40000</item>
  <item type="boolean" name="launchBrowserAfterConfirmed">false</item>
  <item type="boolean" name="removeStkIconWhenNoSIM">true</item>
  <item type="boolean" name="supportLanguageChangeEvent">false</item>
  <item type="boolean" name="supportLaunchDSS">false</item>
  <item type="boolean" name="supportPriorityText">true</item>
</app>
<app name="SystemUI">
  <item type="integer" name="data_icon_style">0</item>
  <item type="integer" name="feature_id">42</item>
  <item type="boolean" name="hideLtePlus">false</item>
  <item type="boolean" name="hspaDataDistinguishable">true</item>
  <item type="string" name="navigation_background">#f5f5f5</item>
  <item type="string-array" name="navigation_items">
    <string>back</string>
    <string>home</string>
    <string>recent</string>
    <string>-</string>
    <string>fullscreen</string>
    <string>recorder</string>
    <string>screenshot</string>
    <string>quicksetting</string>
    <string>power</string>
  </item>
  <item type="integer" name="NMS_feature_flashlight_color_amber">13107200</item>
  <item type="integer" name="NMS_feature_flashlight_color_green">51200</item>
  <item type="integer-array" name="quick_setting_available_items">
    <int>0</int>
    <int>1</int>
    <int>3</int>
    <int>4</int>
    <int>5</int>
    <int>6</int>
    <int>7</int>
    <int>8</int>
    <int>9</int>
    <int>10</int>
    <int>11</int>
    <int>12</int>
    <int>13</int>
    <int>14</int>
    <int>15</int>
    <int>19</int>
    <int>20</int>
    <int>22</int>
    <int>25</int>
    <int>26</int>
    <int>30</int>
    <int>32</int>
    <int>33</int>
  </item>
  <item type="integer-array" name="quick_setting_items">
    <int>3</int>
    <int>4</int>
    <int>8</int>
    <int>1</int>
    <int>7</int>
    <int>6</int>
    <int>30</int>
    <int>5</int>
    <int>9</int>
    <int>14</int>
    <int>10</int>
    <int>32</int>
  </item>
  <item type="integer-array" name="quick_setting_items_simple">
    <int>0</int>
    <int>1</int>
    <int>2</int>
    <int>3</int>
    <int>4</int>
    <int>5</int>
    <int>7</int>
    <int>9</int>
    <int>10</int>
    <int>11</int>
  </item>
  <item type="integer" name="quick_setting_replace_fp">9</item>
  <item type="integer-array" name="receiver_mode_pull_threshold">
    <int>50</int>
    <int>0</int>
  </item>
  <item type="boolean" name="show_3g_for_evdo">false</item>
  <item type="boolean" name="show_4g_for_lte">true</item>
  <item type="integer" name="sub_feature_id">0</item>
</app>
<app name="Tethering_provision">
  <item type="integer" name="CustomziedCarrierDialogType">0</item>
  <item type="integer" name="TetheringGuard_Rule">0</item>
</app>
<app name="ThemeSelector">
  <item type="boolean" name="apply_cmf_wallpaper">true</item>
  <item type="string-array" name="cmf_theme_color">
  </item>
  <item type="string-array" name="cmf_theme_color_value_table">
    <string>cv=default:c1=#2c3038:c2=#3f59a8:c3=#26bf69:c4=#fa3d45:c1k=#121314:c2k=#2b3e75:c3k=#1c8c4d:c4k=#662123:c1l=#fa3d45:c2l=#5b81f5:c3l=#31f586:c4l=#ad393f:d1=#2c3038:d2=#3f59a8:d3=#26bf69:d4=#fa3d45</string>
    <string>cv=preload:c1=#180f05:c2=#180f05:c3=#180f05:c4=#180f05:c1k=#ffcf99:c2k=#ffcf99:c3k=#ffcf99:c4k=#ffcf99:c1l=#000000:c2l=#000000:c3l=#000000:c4l=#000000:d1=#180f05:d2=#180f05:d3=#180f05:d4=#180f05</string>
  </item>
  <item type="string-array" name="cmf_theme_color_wallpaper_table">
    <string>cc=DEF00:lwp=com.htc.fluidwallpaperblue/.LiveWallpaperBlueService:cv=default</string>
    <string>cc=CUS00:wp=:cv=preload</string>
  </item>
  <item type="string-array" name="cmf_theme_table">
    <string>cc=DEF00:theme_id=0</string>
  </item>
  <item type="string-array" name="default_theme_color">
    <string>id=com.htc.theme.tcceac82e-953e-43df-bdac-cbb094435004:title=Pastorale:c1=#334932:c2=#f16125:c3=#637a46:c4=#00b79f:c1k=#1e402b:c2k=#b4481b:c3k=#4d6136:c4k=#028b78:c1l=#d8b827:c2l=#b4481b:c3l=#f16125:c4l=#d8b827:d1=#334932:d2=#f16125:d3=#637a46:d4=#00b79f</string>
    <string>id=com.htc.theme.t1e4578e0-0df4-4c4f-8941-4df7511459fd:title=Numéro:c1=#7fd3c4:c2=#f68b9f:c3=#bdbcb9:c4=#a4a4a1:c1k=#72bdb0:c2k=#c86579:c3k=#b2b0ae:c4k=#959492:c1l=#f68b9f:c2l=#7fd3c4:c3l=#7fd3c4:c4l=#7fd3c4:d1=#7fd3c4:d2=#f68b9f:d3=#bdbcb9:d4=#a4a4a1</string>
    <string>id=com.htc.theme.tc5962215-448b-47ad-8428-dab9ce38e070:title=Innerspace:c1=#58c9a5:c2=#29c7d3:c3=#5d3d7f:c4=#f8bd1f:c1k=#2d9476:c2k=#24949e:c3k=#452b61:c4k=#bb911e:c1l=#71ffd2:c2l=#252e42:c3l=#d9e021:c4l=#29c7d3:d1=#58c9a5:d2=#29c7d3:d3=#5d3d7f:d4=#f8bd1f</string>
    <string>id=com.htc.theme.ta02d84bb-bff9-4d74-8c5c-396e29c27067:title=Traction:c1=#f44336:c2=#f44336:c3=#f44336:c4=#f44336:c1k=#411310:c2k=#411310:c3k=#411310:c4k=#411310:c1l=#ff5e52:c2l=#ff5e52:c3l=#ff5e52:c4l=#ff5e52:d1=#f44336:d2=#411310:d3=#9c2820:d4=#ff5e52</string>
    <string>id=com.htc.theme.t4958e5c8-4a86-4d2f-8ad7-a491a790b18d:title=Tilt:c1=#1f1e20:c2=#1f1e20:c3=#1f1e20:c4=#1f1e20:c1k=#0c0c0d:c2k=#0c0c0d:c3k=#0c0c0d:c4k=#0c0c0d:c1l=#188df2:c2l=#188df2:c3l=#188df2:c4l=#188df2:d1=#0c0c0d:d2=#1f1e20:d3=#404040:d4=#188df2</string>
    <string>id=com.htc.theme.td77bd697-2811-482e-961f-e65cbdffdf65:title=Nimbus:c1=#a6744b:c2=#a6744b:c3=#a6744b:c4=#a6744b:c1k=#4d3522:c2k=#4d3522:c3k=#4d3522:c4k=#4d3522:c1l=#ffb273:c2l=#ffb273:c3l=#ffb273:c4l=#ffb273:d1=#a6744b:d2=#4d3522:d3=#8f6542:d4=#ffb273</string>
    <string>id=com.htc.theme.tb930c680-2eae-47da-909f-992e4f061056:title=Origami:c1=#0096b6:c2=#3bd8b9:c3=#d2916e:c4=#f55732:c1k=#006a81:c2k=#44967c:c3k=#a66342:c4k=#bb5841:c1l=#f55732:c2l=#f55732:c3l=#3bd8b9:c4l=#0096b6:d1=#0096b6:d2=#3bd8b9:d3=#d2916e:d4=#f55732</string>
    <string>id=com.htc.theme.t51edf118-cfb9-465d-b1e4-d650534b8e9c:title=Cascadia:c1=#273e81:c2=#20a9ff:c3=#4e3fdf:c4=#7f2085:c1k=#101936:c2k=#146699:c3k=#2a2278:c4k=#49124d:c1l=#4d79ff:c2l=#fff776:c3l=#41dce8:c4l=#f665ff:d1=#273e81:d2=#20a9ff:d3=#4e3fdf:d4=#7f2085</string>
  </item>
</app>
<app name="TMOUS_IMS">
  <item type="integer" name="carrier_wfc_ims_mode_ui_available_int">0</item>
  <item type="boolean" name="enable_new_wifi_ims">false</item>
  <item type="boolean" name="enable_wifi_ims">false</item>
  <item type="boolean" name="support_mtk_vowifi">false</item>
  <item type="integer" name="wfc_chipset_type">1</item>
  <item type="integer" name="wfc_customer">6</item>
  <item type="string-array" name="wfc_sim_list">
  </item>
</app>
<app name="Trim_n_Slow">
  <item type="boolean" name="trim_n_slow_allow_slow_motion_edit">true</item>
  <item type="boolean" name="trim_n_slow_support_google_format">true</item>
  <item type="boolean" name="videoeditor_allow_hyperlapse_edit">true</item>
  <item type="boolean" name="videoeditor_allow_sw_decoder">false</item>
</app>
<app name="Visual_Search">
  <item type="boolean" name="Htc_visual_search_is_enable">false</item>
</app>
<app name="Voice_Recorder">
  <item type="boolean" name="block_record_in_phonecall">false</item>
  <item type="boolean" name="Record_QCP_format">false</item>
</app>
<app name="Volume_Controller">
  <item type="boolean" name="support_ringback_tone">false</item>
</app>
<app name="VZWQualityLogger">
  <item type="string" name="enabled_events">Q001,Q002,Q003,Q004,Q005,Q006,Q010,Q011,Q012,Q020,Q021,Q022,Q023|0|H001,H002,H003,H004,H005,H006,H007,H015</item>
  <item type="boolean" name="support_quality_logger">false</item>
</app>
<app name="Weather">
  <item type="boolean" name="hide_vendor_logo">false</item>
</app>
<app name="Wi-Fi Hotspot">
  <item type="integer" name="hotspot_rule">0</item>
  <item type="boolean" name="show_passphrase">false</item>
  <item type="boolean" name="support_showpassword">false</item>
</app>
<app name="WorldClock">
  <item type="boolean" name="isSupportAlarmVolumeKeyInSilentMode">false</item>
  <item type="boolean" name="isSupportCMCCCustomization">false</item>
  <item type="boolean" name="isSupportCTCustomization">false</item>
  <item type="boolean" name="isSupportKDDICustomization">false</item>
</app>
<system>
  <item type="boolean" name="build_to_preload">true</item>
  <item type="integer" name="chipset">1</item>
  <item type="integer-array" name="device_physical_display_size">
    <int>1440</int>
    <int>2880</int>
  </item>
  <item type="integer" name="device_type">1</item>
  <item type="integer" name="dual_sim_device_data_type">2</item>
  <item type="string" name="extra_sense_version">10.0_gp</item>
  <item type="boolean" name="feature_auto_sim_switch">true</item>
  <item type="boolean" name="for_nel">false</item>
  <item type="boolean" name="front_flashlight">false</item>
  <item type="boolean" name="has_its_on_ap">false</item>
  <item type="boolean" name="has_three_modems">false</item>
  <item type="boolean" name="have_front_camera">true</item>
  <item type="string" name="HTCBCC_APP_PREOPT_MODE">full</item>
  <item type="string" name="HTCBCC_DEXPREOPT_MODE">smart</item>
  <item type="string" name="ifaa_model_name"></item>
  <item type="boolean" name="is_gp">true</item>
  <item type="boolean" name="isidda_device">false</item>
  <item type="string" name="original_sense_version">8.0</item>
  <item type="string-array" name="permissionflag_generic">
    <string>com.htc.china.location.service</string>
    <string>android.permission.ACCESS_COARSE_LOCATION</string>
    <string>android.permission.ACCESS_FINE_LOCATION</string>
    <string>android.permission.READ_PHONE_STATE</string>
    <string>android.permission.WRITE_EXTERNAL_STORAGE</string>
  </item>
  <item type="string-array" name="permissionflag_SPCS_001">
  </item>
  <item type="string-array" name="permissionflag_T_MOB010">
  </item>
  <item type="string-array" name="permissionflag_VZW__001">
  </item>
  <item type="integer" name="radio_type">6</item>
  <item type="integer" name="region">6</item>
  <item type="string" name="sense_version">10.0</item>
  <item type="boolean" name="single_modem_dsda_device">false</item>
  <item type="boolean" name="support_3lm">false</item>
  <item type="boolean" name="support_beats_audio">false</item>
  <item type="boolean" name="support_boomsound_effect">true</item>
  <item type="boolean" name="support_cb_on_dual">false</item>
  <item type="boolean" name="support_china_intelligence_feature">false</item>
  <item type="boolean" name="support_china_sense_feature">false</item>
  <item type="boolean" name="support_china_sense_typeb_feature">false</item>
  <item type="boolean" name="support_china_sense_typeb_new_feature">false</item>
  <item type="boolean" name="support_dlna">true</item>
  <item type="boolean" name="support_dual_lens">false</item>
  <item type="boolean" name="support_dual_sim">true</item>
  <item type="boolean" name="support_fingerprint">true</item>
  <item type="boolean" name="support_fingerprint_payment">false</item>
  <item type="boolean" name="support_hide_select_runtime">false</item>
  <item type="boolean" name="support_ir">true</item>
  <item type="boolean" name="support_lte">true</item>
  <item type="boolean" name="support_sim_card">true</item>
  <item type="boolean" name="support_SRLTE">false</item>
  <item type="boolean" name="support_synccall">false</item>
  <item type="string" name="support_volte">false</item>
  <item type="boolean" name="support_Wifioffload">false</item>
  <item type="boolean" name="support_wimax">false</item>
  <item type="boolean" name="supportDualSimImsReady">true</item>
  <item type="boolean" name="supporteSIM">false</item>
  <item type="boolean" name="use_stock_ui">false</item>
  <item type="integer" name="vibration_duration">20</item>
  <item type="integer" name="vibration_duration_2">20</item>
  <item type="integer" name="vk_vibration_duration">20</item>
  <item type="integer" name="vk_vibration_duration_2">20</item>
  <item type="boolean" name="wifi_only">false</item>
</system>
</configurations>
